party_name,cand_name,incumbent,dist_name,dist_number,party_name_full,screenName
C,Aaron Bell,FALSE,DON VALLEY,194,Conservatives,Aaron4DonValley
PC,Abi Thomas,FALSE,CARMARTHEN WEST & PEMBROKESHIRE SOUTH,132,Plaid Cymru,bs_abi
C,Adam Afriyie,TRUE,WINDSOR,623,Conservatives,AdamAfriyie
LD,Adam Bernard,FALSE,HARROW EAST,294,LibDem,AdamBernard_HA
C,Adam Marsden,FALSE,GARSTON & HALEWOOD,258,Conservatives,AdamEMarsden
Green,Adam McGregor,FALSE,NOTTINGHAM SOUTH,434,Green,adamfmcgregor
Green,Adam Van Coevorden,FALSE,CHELTENHAM,141,Green,adamgreenchelt
LD,Ade Adeyemo,FALSE,SOLIHULL,516,LibDem,a_adeyemo
Green,Adele Ward,FALSE,FINCHLEY & GOLDERS GREEN,252,Green,AdeleWard
Lab,Adrian Bailey,TRUE,WEST BROMWICH WEST,613,Labour,AdrianBailey4MP
LD,Adrian Hyyrylainen-Trett,FALSE,IPSWICH,332,LibDem,Juvelad
Green,Adrian Oliver,FALSE,POOLE,455,Green,adrianjoliver1
LD,Aidan Van de Weyer,FALSE,SUFFOLK CENTRAL & IPSWICH NORTH,547,LibDem,AidanVdeW
Green,Aimee Challenor,FALSE,COVENTRY SOUTH,167,Green,GPEWAimee
LD,Aisha Mir,FALSE,EDINBURGH SOUTH WEST,231,LibDem,Cajardine
LD,Alain Desmier,FALSE,ISLINGTON SOUTH & FINSBURY,335,LibDem,AlainDesmier
Lab,Alan Avery,FALSE,THIRSK & MALTON,569,Labour,AveryforLabour
SNP,Alan Brown,TRUE,KILMARNOCK & LOUDOUN,342,SNP,AlanBrownSNP
LD,Alan Bullion,FALSE,SEVENOAKS,502,LibDem,AlanBullion
Lab,Alan Butcher,FALSE,BOGNOR REGIS & LITTLEHAMPTON,74,Labour,atbutcher
Lab,Alan Campbell,TRUE,TYNEMOUTH,582,Labour,alancampbellmp
Lab,Alan Clark,FALSE,YORKSHIRE EAST,650,Labour,CllrAlanClark
Lab,Alan De'Ath,FALSE,CHELSEA & FULHAM,140,Labour,AlanDeAth1
C,Alan Duncan,TRUE,RUTLAND & MELTON,488,Conservatives,AlanDuncanMP
Lab,Alan Durrant,FALSE,GOSPORT,272,Labour,alanejdurrant
UKIP,Alan Graves,FALSE,DERBY SOUTH,182,UKIP,AlanUkip
C,Alan Lamb,FALSE,LEEDS NORTH WEST,354,Conservatives,Alan_Lamb17
C,Alan Mak,TRUE,HAVANT,299,Conservatives,AlanMakHavant
UKIP,Alan Stone,FALSE,BASINGSTOKE,34,UKIP,alan_h_stone
Lab,Alan Whitehead,TRUE,SOUTHAMPTON TEST,524,Labour,alanwhiteheadmp
Lab,Alan Woodhead,FALSE,SKIPTON & RIPON,513,Labour,SkiptonRiponCLP
SDLP,Alasdair McDonnell,TRUE,BELFAST SOUTH,47,SDLP,mcdonnell_Al
Green,Alastair Binnie-Lubbock,FALSE,HACKNEY NORTH & STOKE NEWINGTON,280,Green,alastairis
Lab,Albert Owen,TRUE,YNYS MON,647,Labour,AlbertOwenMP
C,Alberto Costa,TRUE,LEICESTERSHIRE SOUTH,360,Conservatives,AlbertoCosta
C,Alec Shelbrooke,TRUE,ELMET & ROTHWELL,235,Conservatives,AlecShelbrooke
PC,Aled Hughes,FALSE,MONTGOMERYSHIRE,402,Plaid Cymru,AledMorganH
C,Alex Chalk,TRUE,CHELTENHAM,141,Conservatives,AlexChalkChelt
LD,Alex Cunliffe,FALSE,"RUISLIP, NORTHWOOD & PINNER",484,LibDem,alexcunliffe4mp
Lab,Alex Cunningham,TRUE,STOCKTON NORTH,535,Labour,ACunninghamMP
LD,Alex Davies,FALSE,STREATHAM,544,LibDem,sw16alex
LD,Alex Feakes,FALSE,ORPINGTON,442,LibDem,alexfeakes
LD,Alex Meredith,FALSE,CARDIFF WEST,129,LibDem,alexmeredithld
Lab,Alex Norris,FALSE,NOTTINGHAM NORTH,433,Labour,CllrAlexNorris
LD,Alex Payton,FALSE,HAMPSHIRE NORTH WEST,289,LibDem,acpayton
SNP,Alex Salmond,TRUE,GORDON,271,SNP,AlexSalmond
Lab,Alex Skirvin,FALSE,NEWBURY,412,Labour,alexskirvinlab
Lab,Alex Sobel,FALSE,LEEDS NORTH WEST,354,Labour,alexsobel
LD,Alex White,FALSE,DEVON CENTRAL,188,LibDem,alexjwhiteld
LD,Alexander Glassbrook,FALSE,TOOTING,574,LibDem,alexglassbrook
C,Alexander Williams,FALSE,WIGAN,618,Conservatives,AlexWilliams175
UUP,Alicia Clarke,FALSE,TYRONE WEST,584,Ulster Unionist,aliciaclarke27
C,Alicia Kearns,FALSE,MITCHAM & MORDEN,399,Conservatives,aliciakearns
LD,Alisdair McGregor,FALSE,LEEDS WEST,355,LibDem,A_C_McGregor
LD,Alison Breslford,FALSE,DONCASTER CENTRAL,195,LibDem,alisoncwhelan
LD,Alison Breslford,FALSE,DONCASTER CENTRAL,195,LibDem,alisonbrelsford
Lab,Alison McGovern,TRUE,WIRRAL SOUTH,624,Labour,Alison_McGovern
SNP,Alison Thewliss,TRUE,GLASGOW CENTRAL,262,SNP,alisonthewliss
Green,Alison Whalley,FALSE,NEWCASTLE UPON TYNE NORTH,416,Green,alisonjwhalley
C,Alistair Burt,TRUE,BEDFORDSHIRE NORTH EAST,43,Conservatives,AlistairBurtUK
LD,Alistair Carmichael,TRUE,ORKNEY & SHETLAND,441,LibDem,acarmichael4mp
UKIP,Allan Shipham,FALSE,WELLINGBOROUGH,608,UKIP,Big_Boss_Al
LD,Allen Nixon,FALSE,PUDSEY,461,LibDem,AllenNixon17
Lab,Allen Simpson,FALSE,MAIDSTONE & THE WEALD,384,Labour,allen_m_simpson
C,Alok Sharma,TRUE,READING WEST,465,Conservatives,AlokSharma_RDG
Lab,Altany Craik,FALSE,GLENROTHES,269,Labour,Altany
C,Alun Cairns,TRUE,VALE OF GLAMORGAN,589,Conservatives,AlunCairns
LD,Alun Griffiths,FALSE,BRADFORD WEST,87,LibDem,CllrAGriffiths
C,Amanda Milling,TRUE,CANNOCK CHASE,124,Conservatives,amandamilling
Green,Amanda Pennington,FALSE,TRURO & FALMOUTH,579,Green,aapennington
C,Amanda Solloway,TRUE,DERBY NORTH,181,Conservatives,asollowayuk
C,Amber Rudd,TRUE,HASTINGS & RYE,298,Conservatives,AmberRuddHR
C,Ameet Jogia,FALSE,BRENT NORTH,91,Conservatives,ameet_jogia
LD,Amna Ahmad,FALSE,SUTTON & CHEAM,556,LibDem,amnajahmad
Green,Amy Bertaut,FALSE,WOLVERHAMPTON SOUTH EAST,631,Green,amybertaut
C,Amy Gray,FALSE,HACKNEY NORTH & STOKE NEWINGTON,280,Conservatives,hackneyamyg
Lab,Anawar Miah,FALSE,WELWYN HATFIELD,610,Labour,anawarmiah
Green,Andi Mohr,FALSE,STOURBRIDGE,541,Green,Andi_Mohr
C,Andrea Jenkyns,TRUE,MORLEY & OUTWOOD,405,Conservatives,andreajenkyns
C,Andrea Leadsom,TRUE,NORTHAMPTONSHIRE SOUTH,429,Conservatives,andrealeadsom
C,Andrew Atkinson,FALSE,WREXHAM,641,Conservatives,andrew4wrexham
PC,Andrew Bennison,FALSE,ABERAVON,1,Plaid Cymru,bennison_andrew
C,Andrew Bingham,TRUE,HIGH PEAK,314,Conservatives,HighPeakAndrew
Green,Andrew Boswell,FALSE,BROADLAND,103,Green,andrew9boswell
C,Andrew Bowie,FALSE,ABERDEENSHIRE WEST & KINCARDINE,5,Conservatives,abowie4wak
C,Andrew Bridgen,TRUE,LEICESTERSHIRE NORTH WEST,359,Conservatives,ABridgen
C,Andrew Browning,FALSE,BIRMINGHAM LADYWOOD,61,Conservatives,ar_browning
Green,Andrew Cooper,FALSE,HUDDERSFIELD,322,Green,clrandrewcooper
Green,Andrew Cooper,FALSE,HUDDERSFIELD,322,Green,clrandrewcooper
Green,Andrew Creak,FALSE,CAERPHILLY,114,Green,AndrewCreak
LD,Andrew Davis,FALSE,ESHER & WALTON,243,LibDem,CllrAndrewDavis
LD,Andrew Gant,FALSE,"COTSWOLDS, THE",164,LibDem,andrewgant3
UKIP,Andrew Garcarz,FALSE,SOLIHULL,516,UKIP,agarcarz
C,Andrew Griffiths,TRUE,BURTON,110,Conservatives,AndrewGriffiths
Lab,Andrew Gwynne,TRUE,DENTON & REDDISH,180,Labour,GwynneMP
Lab,Andrew Hilland,FALSE,LANARK & HAMILTON EAST,348,Labour,andrew_hilland
LD,Andrew Hollyer,FALSE,DERBYSHIRE DALES,183,LibDem,AndyHollyer
Green,Andrew Johns,FALSE,WALTHAMSTOW,595,Green,greenpartyaj
C,Andrew Jones,TRUE,HARROGATE & KNARESBOROUGH,293,Conservatives,AJonesMP
Lab,Andrew Newman,FALSE,CHIPPENHAM,147,Labour,AndyD_Newman
Green,Andrew Nixon,FALSE,DUDLEY NORTH,204,Green,PixelSmack
Green,Andrew Pointon,FALSE,LEEDS WEST,355,Green,amp4leedswest
C,Andrew Rosindell,TRUE,ROMFORD,477,Conservatives,AndrewRosindell
C,Andrew Selous,TRUE,BEDFORDSHIRE SOUTH WEST,44,Conservatives,AndrewSelous
LD,Andrew Simpson,FALSE,DAVENTRY,178,LibDem,ASJSimpson
Lab,Andrew Stamp,FALSE,GILLINGHAM & RAINHAM,261,Labour,cllrandystamp
C,Andrew Stephenson,TRUE,PENDLE,447,Conservatives,Andrew4Pendle
LD,Andrew Strange,FALSE,LUTON SOUTH,381,LibDem,andymstrange
Lab,Andrew Western,FALSE,ALTRINCHAM & SALE WEST,9,Labour,AndrewHWestern
Green,Andy Bentley,FALSE,SWINDON NORTH,560,Green,andybentley1965
Lab,Andy Botham,FALSE,DERBYSHIRE DALES,183,Labour,andybothamppc
Lab,Andy Croy,FALSE,WOKINGHAM,629,Labour,AndyCroy
Lab,Andy Fitchet,FALSE,HAMPSHIRE NORTH WEST,289,Labour,AndyFitchet
LD,Andy Kelly,FALSE,ROCHDALE,474,LibDem,mrskellyslad
Lab,Andy McDonald,TRUE,MIDDLESBROUGH,394,Labour,AndyMcDonaldMP
LD,Andy Nash,FALSE,LEEDS CENTRAL,351,LibDem,andynash
Lab,Andy Slaughter,TRUE,HAMMERSMITH,286,Labour,hammersmithandy
Lab,Andy Thomas,FALSE,HARBOROUGH,291,Labour,MHLabourParty
Green,Andy Williamson,FALSE,DEVON CENTRAL,188,Green,bigbuzzard
SNP,Angela Crawley,TRUE,LANARK & HAMILTON EAST,348,SNP,AngelaCrawley30
Lab,Angela Eagle,TRUE,WALLASEY,592,Labour,angelaeagle
Lab,Angela Feeney,FALSE,MOTHERWELL & WISHAW,406,Labour,angela_feeney
C,Angela Jones-Evans,FALSE,NEWPORT WEST,418,Conservatives,AJonesEvans
Lab,Angela Rayner,TRUE,ASHTON UNDER LYNE,21,Labour,AngelaRayner
Lab,Angela Smith,TRUE,PENISTONE & STOCKSBRIDGE,448,Labour,angelasmithmp
Lab,Angela Smith,FALSE,WEALDEN,606,Labour,angelasmithmp
Lab,Angelina Leatherbarrow,FALSE,ROMFORD,477,Labour,romfordlabour
SNP,Angus MacNeil,TRUE,NA H-EILEANAN AN IAR,407,SNP,AngusMacNeilSNP
SNP,Angus Robertson,TRUE,MORAY,403,SNP,AngusRobertson
LD,Anita Day,FALSE,GRANTHAM & STAMFORD,274,LibDem,anitadaya
Lab,Ann Clwyd,TRUE,CYNON VALLEY,174,Labour,AnnClwyd
Lab,Ann Coffey,TRUE,STOCKPORT,534,Labour,anncoffey_mp
C,Ann Myatt,FALSE,BATLEY & SPEN,37,Conservatives,AnnMyatt2015
LD,Anna Fryer,FALSE,STRETFORD & URMSTON,545,LibDem,annacfryer
LD,Anna Martin,FALSE,GARSTON & HALEWOOD,258,LibDem,annamartinld
Lab,Anna McMorrin,FALSE,CARDIFF NORTH,127,Labour,annamcmorrin
C,Anna Soubry,TRUE,BROXTOWE,107,Conservatives,Anna_Soubry
Lab,Anna Turley,TRUE,REDCAR,466,Labour,annaturley
LD,Anna Wellings Purvis,FALSE,WALSALL SOUTH,594,LibDem,walsallibdem
LD,Anna Wellings Purvis,FALSE,WALSALL SOUTH,594,LibDem,walsallibdem
LD,Annabel Mullin,FALSE,KENSINGTON,340,LibDem,ajcmullin
C,Annabel Tall,FALSE,BRISTOL WEST,102,Conservatives,annabeltall
C,Anne Marie Morris,TRUE,NEWTON ABBOT,420,Conservatives,AnneMarieMorris
SNP,Anne McLaughlin,TRUE,GLASGOW NORTH EAST,265,SNP,AnneMcLaughlin
C,Anne Milton,TRUE,GUILDFORD,279,Conservatives,AnneMilton
C,Anne-Marie Trevelyan,TRUE,BERWICK-UPON-TWEED,50,Conservatives,annietrev
Lab,Anneliese Dodds,FALSE,OXFORD EAST,443,Labour,anneliesedodds
Green,Anthony Slaughter,FALSE,CARDIFF SOUTH & PENARTH,128,Green,as_penarth
C,Antoinette Sandbach,TRUE,EDDISBURY,227,Conservatives,Sandbach
LD,Anton Georgiou,FALSE,BRENT CENTRAL,90,LibDem,anton_georgiou
LD,Anton Georgiou,FALSE,BRENT CENTRAL,90,LibDem,anton_georgiou
C,Antony Calvert,FALSE,WAKEFIELD,591,Conservatives,antony_calvert
LD,Antony Rogers,FALSE,MERIDEN,392,LibDem,Antony_LibDem
Green,April Clark,FALSE,TONBRIDGE & MALLING,573,Green,votegreenapril
Green,Arran Rangi,FALSE,ASHFIELD,19,Green,Arran_Rangi
Lab,Ashley Dalton,FALSE,ROCHFORD & SOUTHEND EAST,476,Labour,PieDalton
Green,Ashley Gunstock,FALSE,LEYTON & WANSTEAD,366,Green,ashleygunstock
Lab,Bachchu Kaini,FALSE,DARTFORD,177,Labour,BKKaini
Lab,Bally Singh,FALSE,KENILWORTH & SOUTHAM,339,Labour,BallySingh74
Lab,Bambos Charalambous,FALSE,ENFIELD SOUTHGATE,238,Labour,SouthgateLabour
LD,Barbara Gibson,FALSE,STEVENAGE,532,LibDem,Barb_G
Lab,Barbara Keeley,TRUE,WORSLEY & ECCLES SOUTH,637,Labour,KeeleyMP
Lab,Barrie Fairbairn,FALSE,GRANTHAM & STAMFORD,274,Labour,barriefairbairn
Lab,Barry Gardiner,TRUE,BRENT NORTH,91,Labour,BarryGardiner
LD,Barry Holliday,FALSE,NOTTINGHAM EAST,432,LibDem,hollidb
Lab,Barry Kirby,FALSE,GLOUCESTER,270,Labour,Baz_k
SF,Barry McElduff,FALSE,TYRONE WEST,584,Sinn Fein,barrymcelduff
Lab,Barry Sheerman,TRUE,HUDDERSFIELD,322,Labour,BarrySheerman
Lab,Beccy Cooper,FALSE,WORTHING WEST,639,Labour,beccycooper4lab
LD,Becky Thomas,FALSE,SHERWOOD,508,LibDem,bex_the_green
C,Ben Adams,FALSE,STOKE-ON-TRENT NORTH,538,Conservatives,benpolitics
C,Ben Adams,FALSE,STOKE-ON-TRENT NORTH,538,Conservatives,ben4stokenorth
C,Ben Bradley,FALSE,MANSFIELD,390,Conservatives,benbradley32
Lab,Ben Bradshaw,TRUE,EXETER,244,Labour,BenPBradshaw
C,Ben Gummer,TRUE,IPSWICH,332,Conservatives,ben4ipswich
C,Ben Howlett,TRUE,BATH,36,Conservatives,ben4bath
PC,Ben Lake,FALSE,CEREDIGION,135,Plaid Cymru,BenMLake
LD,Ben Mathis,FALSE,WOLVERHAMPTON SOUTH EAST,631,LibDem,binny_uk
LD,Ben Sims,FALSE,LEYTON & WANSTEAD,366,LibDem,benjaminsims
C,Ben Spencer,FALSE,CAMBERWELL & PECKHAM,117,Conservatives,DrBenSpencer
C,Ben Wallace,TRUE,WYRE & PRESTON NORTH,643,Conservatives,BWallaceMP
Green,Benali Hamdache,FALSE,ISLINGTON SOUTH & FINSBURY,335,Green,GreenBenali
Green,Benjamin Cornish,FALSE,WORTHING WEST,639,Green,bencornishactor
Green,Benjamin Loryman,FALSE,LINCOLN,368,Green,BenBloryman
LD,Benjamin Nutland,FALSE,BRISTOL SOUTH,101,LibDem,BenNutland
C,Bernard Jenkin,TRUE,HARWICH & ESSEX NORTH,297,Conservatives,bernardjenkin
Lab,Beth Miller,FALSE,CORBY,161,Labour,bethmiller91
C,Beth Prescott,FALSE,DEWSBURY,193,Conservatives,PrescottBeth
Green,Bethan Lant,FALSE,POPLAR & LIMEHOUSE,456,Green,BethanAngharadL
Lab,Bilal Mahmood,FALSE,CHINGFORD & WOODFORD GREEN,146,Labour,bilal_labour
Green,Bill Cashmore,FALSE,CHELSEA & FULHAM,140,Green,billcashmore
Lab,Bill Esterson,TRUE,SEFTON CENTRAL,500,Labour,Bill_Esterson
UKIP,Bill Etheridge,FALSE,DUDLEY NORTH,204,UKIP,Billukip
Green,Bill Linton,FALSE,ENFIELD NORTH,237,Green,BillLinton1
LD,Bill Newton Dunn,FALSE,HAYES & HARLINGTON,300,LibDem,billnewtondunn
UKIP,Bill Palfreman,FALSE,LEEDS CENTRAL,351,UKIP,palfreman
C,Bill Rees,FALSE,CARDIFF SOUTH & PENARTH,128,Conservatives,billvrees
C,Bim Afolami,FALSE,HITCHIN & HARPENDEN,315,Conservatives,BimAfolami
Lab,Blair McDougall,FALSE,RENFREWSHIRE EAST,469,Labour,blairmcdougall
LD,Bob Barr,FALSE,WARRINGTON SOUTH,600,LibDem,CllrBobBarr
C,Bob Blackman,TRUE,HARROW EAST,294,Conservatives,BobBlackman
LD,Bob Charlesworth,FALSE,ASHFIELD,19,LibDem,bob4ashfield
UKIP,Bob Dhillon,FALSE,WARWICK & LEAMINGTON,601,UKIP,bobdhillon32
C,Bob Neill,TRUE,BROMLEY & CHISLEHURST,104,Conservatives,neill_bob
C,Bob Seely,FALSE,ISLE OF WIGHT,333,Conservatives,IoWBobSeely
LD,Bobby Dean,FALSE,LEWISHAM DEPTFORD,363,LibDem,Bobby_Dean
C,Boris Johnson,TRUE,UXBRIDGE & RUISLIP SOUTH,587,Conservatives,BorisJohnson
C,Brandon Lewis,TRUE,GREAT YARMOUTH,277,Conservatives,BrandonLewis
PC,Branwen Cennard,FALSE,RHONDDA,470,Plaid Cymru,RhonddaPlaid
SNP,Brendan O'Hara,TRUE,ARGYLL & BUTE,17,SNP,BrendanOHaraSNP
Lab,Bridget Phillipson,TRUE,HOUGHTON & SUNDERLAND SOUTH,320,Labour,bphillipsonMP
LD,Bridget Smith,FALSE,CAMBRIDGESHIRE NORTH WEST,121,LibDem,cllrbridget
LD,Bruce Roberts,FALSE,CLWYD SOUTH,154,LibDem,wxmbruce
C,Byron Davies,TRUE,GOWER,273,Conservatives,Byron_Davies
LD,Cahal Burke,FALSE,COLNE VALLEY,158,LibDem,CahalBurke
C,Callum Laidlaw,FALSE,FALKIRK,245,Conservatives,claidlaw
SNP,Callum McCaig,TRUE,ABERDEEN SOUTH,4,SNP,callum_mccaig
Lab,Callum McNally,FALSE,DUNBARTONSHIRE EAST,209,Labour,Callum4EastDun
Lab,Callum O'Dwyer,FALSE,ABERDEEN SOUTH,4,Labour,callumjodwyer
SNP,Calum Kerr,TRUE,"BERWICKSHIRE, ROXBURGH & SELKIRK",51,SNP,CalumKerrSNP
LD,Cameron Sullivan,FALSE,BLAENAU GWENT,71,LibDem,SWEValleys
SDLP,Caoimhe McNeill,FALSE,DOWN NORTH,202,SDLP,caoimhemcneill
Lab,Cara Hilton,FALSE,DUNFERMLINE & FIFE WEST,213,Labour,cara_hilton
SF,Cara McShane,FALSE,ANTRIM NORTH,14,Sinn Fein,cara_mcshane
LD,Carl Cashman,FALSE,KNOWSLEY,346,LibDem,CarlCashman
LD,Carl Minns,FALSE,YORKSHIRE EAST,650,LibDem,carlminns
LD,Carl Quilliam,FALSE,WIMBLEDON,621,LibDem,carlquilliam
LD,Carly Hicks,FALSE,ASHTON UNDER LYNE,21,LibDem,cm_hicks
Lab,Carol Mochan,FALSE,"AYR, CARRICK & CUMNOCK",23,Labour,CMochan
SNP,Carol Monaghan,TRUE,GLASGOW NORTH WEST,266,SNP,CMonaghanSNP
C,Caroline Ansell,TRUE,EASTBOURNE,225,Conservatives,Caroline_Ansell
LD,Caroline Burgess,FALSE,"BERWICKSHIRE, ROXBURGH & SELKIRK",51,LibDem,VoteCarolineB
C,Caroline Dinenage,TRUE,GOSPORT,272,Conservatives,cj_dinenage
Lab,Caroline Flint,TRUE,DON VALLEY,194,Labour,CarolineFlintMP
LD,Caroline Kenyon,FALSE,LINCOLN,368,LibDem,c_kenyon1
Lab,Caroline Kolek,FALSE,TIVERTON & HONITON,572,Labour,CarolineKolek
Green,Caroline Lucas,TRUE,BRIGHTON PAVILION,98,Green,CarolineLucas
C,Caroline Nokes,TRUE,ROMSEY & SOUTHAMPTON NORTH,478,Conservatives,carolinenokes
Green,Caroline Russell,FALSE,ISLINGTON NORTH,334,Green,CarolineRussell
UKIP,Caroline Santos,FALSE,RUTHERGLEN & HAMILTON WEST,487,UKIP,Casumptious
C,Caroline Spelman,TRUE,MERIDEN,392,Conservatives,spelmanc
C,Carolyn Abbott,FALSE,GEDLING,260,Conservatives,abbott4gedling
Lab,Carolyn Harris,TRUE,SWANSEA EAST,558,Labour,carolynharris24
Lab,Cat Smith,TRUE,LANCASTER & FLEETWOOD,350,Labour,CatSmithMP
Green,Cate Cody,FALSE,TEWKESBURY,566,Green,CateCodyJazz
Green,Cate Cody,FALSE,TEWKESBURY,566,Green,TewkesburyGP
Lab,Cate Tuitt,FALSE,RICHMOND PARK,473,Labour,richmondclp
LD,Catherine Ankers,FALSE,DENTON & REDDISH,180,LibDem,LouiseAnkersLD
Lab,Catherine Atkinson,FALSE,EREWASH,241,Labour,catkinson80
Lab,Catherine McKinnell,TRUE,NEWCASTLE UPON TYNE NORTH,416,Labour,CatMcKinnell
Green,Catherine Ross,FALSE,HORSHAM,319,Green,QcattQ
Green,Catherine Rowett,FALSE,NORFOLK SOUTH,424,Green,catherinerowett
Lab,Catherine Tite,FALSE,GAINSBOROUGH,257,Labour,derbyshire_cath
Lab,Catherine West,TRUE,HORNSEY & WOOD GREEN,318,Labour,CatherineWest1
Lab,Cathy Reynolds,FALSE,EDDISBURY,227,Labour,eddisburylabour
LD,Celia Downie,FALSE,BRISTOL NORTH WEST,100,LibDem,celiabristol
Lab,Chantal Lee,FALSE,NEWARK,411,Labour,chantal4newark
C,Charles Fifield,FALSE,BOOTLE,79,Conservatives,charlesfifield
LD,Charles Lawley,FALSE,HIGH PEAK,314,LibDem,CharlesLawley
Green,Charley Pattison,FALSE,SOMERSET NORTH,517,Green,charley_p
C,Charlie Dewhirst,FALSE,HAMMERSMITH,286,Conservatives,charliedewhirst
C,Charlie Elphicke,TRUE,DOVER,201,Conservatives,CharlieElphicke
C,Charlotte Fairbanks,FALSE,GLASGOW CENTRAL,262,Conservatives,lottifairbanks
C,Charlotte Hodivala,FALSE,BIRMINGHAM PERRY BARR,63,Conservatives,ch4pb
C,Charlotte Leslie,TRUE,BRISTOL NORTH WEST,100,Conservatives,CharlotteLeslie
Lab,Charlynne Pullen,FALSE,MILTON KEYNES NORTH,397,Labour,CharlynnePullen
C,Cheryl Gillan,TRUE,CHESHAM & AMERSHAM,142,Conservatives,CherylGillan
Lab,Chi Onwurah,TRUE,NEWCASTLE UPON TYNE CENTRAL,414,Labour,ChiOnwurah
UKIP,Chloe Palmer,FALSE,GOSPORT,272,UKIP,TheChloePalmer
C,Chloe Smith,TRUE,NORWICH NORTH,430,Conservatives,NorwichChloe
LD,Chris Adams,FALSE,GREENWICH & WOOLWICH,278,LibDem,cs_adams
LD,Chris Bowers,FALSE,WEALDEN,606,LibDem,chris1bowers
Lab,Chris Bryant,TRUE,RHONDDA,470,Labour,RhonddaBryant
LD,Chris Carubia,FALSE,WIRRAL SOUTH,624,LibDem,cllrccarubia
C,Chris Chapman,FALSE,ILFORD SOUTH,329,Conservatives,ChrisChapman86
Lab,Chris Clark,FALSE,SEVENOAKS,502,Labour,chrisclarkcpfc
C,Chris Clarkson,FALSE,HEYWOOD & MIDDLETON,313,Conservatives,torymemo
Lab,Chris Elmore,TRUE,OGMORE,437,Labour,CPJElmore
Green,Chris Evans,FALSE,SWANSEA EAST,558,Green,EvansForIslwyn
Lab,Chris Evans,TRUE,ISLWYN,336,Labour,EvansForIslwyn
C,Chris Green,TRUE,BOLTON WEST,78,Conservatives,CGreenUK
SF,Chris Hazzard,FALSE,DOWN SOUTH,203,Sinn Fein,ChrisHazzardSF
C,Chris Heaton-Harris,TRUE,DAVENTRY,178,Conservatives,chhcalling
Lab,Chris Jones,FALSE,NORWICH NORTH,430,Labour,NorwichLabour
Lab,Chris Kane,FALSE,STIRLING,533,Labour,chriswkane
Lab,Chris Kealey,FALSE,BOSWORTH,81,Labour,_ChrisKealey
SNP,Chris Law,TRUE,DUNDEE WEST,212,SNP,ChrisLawSNP
Lab,Chris Leslie,TRUE,NOTTINGHAM EAST,432,Labour,ChrisLeslieMP
Lab,Chris Matheson,TRUE,"CHESTER, CITY OF",143,Labour,ChrisM4Chester
LD,Chris Nelson,FALSE,WELLINGBOROUGH,608,LibDem,chris_nelson
Lab,Chris Ostrowski,FALSE,WATFORD,604,Labour,chris_ostro
C,Chris Pearson,FALSE,HALIFAX,283,Conservatives,Pearson4Halifax
C,Chris Philp,TRUE,CROYDON SOUTH,172,Conservatives,CPhilpOfficial
Green,Chris Rigby,FALSE,CHRISTCHURCH,150,Green,_cjr_
Lab,Chris Rimicans,FALSE,AYRSHIRE NORTH & ARRAN,25,Labour,crimicans98
C,Chris Skidmore,TRUE,KINGSWOOD,344,Conservatives,CSkidmoreUK
LD,Chris Stanbra,FALSE,CORBY,161,LibDem,Corbychris
SNP,Chris Stephens,TRUE,GLASGOW SOUTH WEST,268,SNP,ChrisStephens
Lab,Chris Vince,FALSE,CHELMSFORD,139,Labour,ChrisJVince
C,Chris White,TRUE,WARWICK & LEAMINGTON,601,Conservatives,Chris_WhiteUK
Lab,Chris Williamson,FALSE,DERBY NORTH,181,Labour,chriswmp
Lab,Chris Worsey,FALSE,LICHFIELD,367,Labour,ChrisWorsey
Lab,Christina Rees,TRUE,NEATH,408,Labour,Rees4Neath
Lab,Christine Bayliss,FALSE,BEXHILL & BATTLE,54,Labour,christineb58
LD,Christine Jardine,FALSE,EDINBURGH WEST,232,LibDem,Cajardine
LD,Christine Jardine,FALSE,EDINBURGH WEST,232,LibDem,Cajardine
C,Christine Mackay,FALSE,HULL WEST & HESSLE,325,Conservatives,christinemackay
LD,Christine Tinker,FALSE,STAFFORD,528,LibDem,ctinker2
LD,Christoper Bramall,FALSE,STOURBRIDGE,541,LibDem,chrisbramall
Lab,Christopher Drew,FALSE,ST IVES,494,Labour,cj_drew
C,Christopher Pincher,TRUE,TAMWORTH,562,Conservatives,ChrisPincher
C,Christopher Wilford,FALSE,POPLAR & LIMEHOUSE,456,Conservatives,THConservatives
Lab,Chuka Umunna,TRUE,STREATHAM,544,Labour,ChukaUmunna
LD,Ciaran Morrissey,FALSE,BISHOP AUCKLAND,66,LibDem,mozdog94
Lab,Claire Edwards,FALSE,RUGBY,483,Labour,claire4rugby
C,Claire Hiscott,FALSE,STRANGFORD,542,Conservatives,ClaireHiscott
LD,Claire Mathys,FALSE,MITCHAM & MORDEN,399,LibDem,clmathys
C,Claire Perry,TRUE,7 DEVIZES,18,Conservatives,claire4devizes
LD,Claire Thomas,FALSE,HULL WEST & HESSLE,325,LibDem,clairethomas1
LD,Claire Young,FALSE,THORNBURY & YATE,570,LibDem,ClaireforTAY
C,Claire-Louise Leyland,FALSE,HAMPSTEAD & KILBURN,290,Conservatives,ClaireLLeyland
Green,Clare Bailey,FALSE,BELFAST SOUTH,47,Green,ClareBaileyGPNI
LD,Clarke Roberts,FALSE,"NORMANTON, PONTEFRACT & CASTLEFORD",426,LibDem,ClarkeRoberts
UKIP,Cliff Dixon,FALSE,HAYES & HARLINGTON,300,UKIP,EngPatriot
Lab,Clive Efford,TRUE,ELTHAM,236,Labour,CliveEfford
UKIP,Clive Egan,FALSE,THANET NORTH,567,UKIP,UKIPNorthThanet
LD,Clive Jones,FALSE,WOKINGHAM,629,LibDem,CllrCliveJones
Lab,Clive Lewis,TRUE,NORWICH SOUTH,431,Labour,labourlewis
LD,Colin Green,FALSE,BIRMINGHAM EDGBASTON,57,LibDem,colingreenld
Green,Colin Stocks,FALSE,WEALDEN,606,Green,colinstocks
Green,Colm Feeley,FALSE,LIVERPOOL WALTON,371,Green,agreenwalton
Green,Colm Feeley,FALSE,LIVERPOOL WALTON,371,Green,reallymrfeeley
C,Conor Burns,TRUE,BOURNEMOUTH WEST,83,Conservatives,ConorBurnsUK
Lab,Conor McGinn,FALSE,ST HELENS NORTH,492,Labour,ConorMcGinn
SNP,Corri Wilson,TRUE,"AYR, CARRICK & CUMNOCK",23,SNP,CorriWilsonSNP
C,Craig Lawton,FALSE,SWANSEA WEST,559,Conservatives,cjrlawton
C,Craig Mackinlay,TRUE,THANET SOUTH,568,Conservatives,cmackinlay
LD,Craig Martin,FALSE,DURHAM NORTH,215,LibDem,cmartinLD
Lab,Craig Martin,FALSE,FALKIRK,245,Labour,Craig_R_Martin
C,Craig Tracey,TRUE,WARWICKSHIRE NORTH,602,Conservatives,craig4nwarks
C,Craig Williams,TRUE,CARDIFF NORTH,127,Conservatives,Craig4CardiffN
C,Crispin Blunt,TRUE,REIGATE,468,Conservatives,CrispinBlunt
LD,Daisy Cooper,FALSE,ST ALBANS,490,LibDem,libdemdaisy
Lab,Dame Margaret Hodge,TRUE,BARKING,28,Labour,margarethodge
C,Damian Collins,TRUE,FOLKESTONE & HYTHE,253,Conservatives,DamianCollins
C,Damian Green,TRUE,ASHFORD,20,Conservatives,DamianGreen
C,Damian Hinds,TRUE,HAMPSHIRE EAST,287,Conservatives,DamianHinds
C,Damian Timson,FALSE,LIVINGSTON,374,Conservatives,timson_dj
C,Damien Moore,FALSE,SOUTHPORT,526,Conservatives,moore4southport
C,Dan Boucher,FALSE,SWANSEA EAST,558,Conservatives,dansboucher
Lab,Dan Greef,FALSE,CAMBRIDGESHIRE SOUTH,122,Labour,dangreef
Lab,Dan Jarvis,TRUE,BARNSLEY CENTRAL,29,Labour,DanJarvisMP
Lab,Dan Lodge,FALSE,BRECON & RADNORSHIRE,89,Labour,DanLodge
C,Dan McCroskrie,FALSE,NA H-EILEANAN AN IAR,407,Conservatives,danmccroskrie
Lab,Dan Perry,FALSE,RICHMOND (YORKS),472,Labour,JesmondDan
C,Dan Thomas,FALSE,ISLWYN,336,Conservatives,Daniel_Thomas81
C,Dan Watkins,FALSE,TOOTING,574,Conservatives,DanWatkins
Lab,Daniel Chapman,FALSE,LEWES,362,Labour,Chapman_Dan
LD,Daniel Donaldson,FALSE,GLASGOW NORTH EAST,265,LibDem,danielslaw
Green,Daniel Garrun,FALSE,GREENWICH & WOOLWICH,278,Green,DanHarryG
Lab,Daniel Goodare,FALSE,7 DUMFRIES & GALLOWAY,20,Labour,DGLabour
C,Daniel Hamilton,FALSE,STOCKPORT,534,Conservatives,danielrhamilton
LD,Daniel Hawthorne,FALSE,STOCKPORT,534,LibDem,danhaw426
C,Daniel Jellyman,FALSE,STOKE-ON-TRENT CENTRAL,537,Conservatives,DanielJellyman
C,Daniel Kawczynski,TRUE,SHREWSBURY & ATCHAM,510,Conservatives,dkshrewsbury
LD,Daniel Lewis,FALSE,SEFTON CENTRAL,500,LibDem,CllrDanLewis
SDLP,Daniel McCrossan,FALSE,TYRONE WEST,584,SDLP,McCrossanMLA
LD,Daniel Norton,FALSE,BEDFORDSHIRE SOUTH WEST,44,LibDem,DanielMNorton
PC,Daniel Williams,FALSE,NEATH,408,Plaid Cymru,DanielGwydion
PC,Daniel Williams,FALSE,NEATH,408,Plaid Cymru,Plaid_Castell_N
UKIP,Daniel Woolf,FALSE,GLOUCESTER,270,UKIP,DanielWoolfUKIP
UKIP,Daniel Woolf,FALSE,GLOUCESTER,270,UKIP,ukipgloucester
Lab,Daniel Zeichner,TRUE,CAMBRIDGE,119,Labour,DanielZeichner
Lab,Danielle Rowley,FALSE,MIDLOTHIAN,396,Labour,DaniRowley
Lab,Danny Hackett,FALSE,OLD BEXLEY & SIDCUP,438,Labour,DannyHackett
UUP,Danny Kinahan,TRUE,ANTRIM SOUTH,15,Ulster Unionist,DdeBK
Lab,Darren Jones,FALSE,BRISTOL NORTH WEST,100,Labour,darrenpjones
PC,Darren Jones,FALSE,ISLWYN,336,Plaid Cymru,CaerphillyPlaid
Lab,Darren Paffey,FALSE,ROMSEY & SOUTHAMPTON NORTH,478,Labour,darrenpaffey
Green,Darren Woodiwiss,FALSE,HARBOROUGH,291,Green,darrenwoodiwiss
UKIP,Darryl Magher,FALSE,WARLEY,598,UKIP,DarrylMagher
C,David Burrowes,FALSE,ENFIELD SOUTHGATE,238,Conservatives,DavidBurrowesUK
LD,David Chalmers,FALSE,DEVON WEST & TORRIDGE,192,LibDem,chalmersdavidn
UKIP,David Coburn,FALSE,KIRKCALDY & COWDENBEATH,345,UKIP,davidcoburnukip
Lab,David Crausby,TRUE,BOLTON NORTH EAST,76,Labour,DavidCrausby
C,David Davies,TRUE,MONMOUTH,401,Conservatives,DavidTCDavies
C,David Davis,TRUE,HALTEMPRICE & HOWDEN,284,Conservatives,DavidDavisMP
Lab,David Drew,FALSE,STROUD,546,Labour,davidedrew
C,David Evennett,TRUE,BEXLEYHEATH & CRAYFORD,55,Conservatives,DavidEvennett
C,David Gauke,TRUE,HERTFORDSHIRE SOUTH WEST,310,Conservatives,DavidGauke
C,David Goss,FALSE,BLACKLEY & BROUGHTON,68,Conservatives,davidgoss
LD,David Hall-Matthews,FALSE,ELTHAM,236,LibDem,DHallMatthews
Lab,David Hanson,TRUE,DELYN,179,Labour,DavidHansonMP
Lab,David Hinder,FALSE,RIBBLE VALLEY,471,Labour,david4rv
UKIP,David Ions,FALSE,ESHER & WALTON,243,UKIP,davidions
C,David Jones,TRUE,CLWYD WEST,155,Conservatives,DavidJonesMP
Green,David Jones,FALSE,BLACKLEY & BROUGHTON,68,Green,DavidJonesMP
Green,David Kesteven,FALSE,DERBYSHIRE NORTH EAST,185,Green,DavidKesteven
Lab,David Lammy,TRUE,TOTTENHAM,578,Labour,DavidLammy
C,David Lidington,TRUE,AYLESBURY,22,Conservatives,DLidington
SNP,David Linden,FALSE,GLASGOW EAST,263,SNP,DavidLinden
Lab,David Mellen,FALSE,RUSHCLIFFE,486,Labour,dm4rushcliffe
C,David Morris,TRUE,MORECAMBE & LUNESDALE,404,Conservatives,davidmorrisml
C,David Mowat,TRUE,WARRINGTON SOUTH,600,Conservatives,mowat4ws
C,David Mundell,TRUE,"DUMFRIESSHIRE, CLYDESDALE & TWEEDDALE",208,Conservatives,DavidMundellDCT
C,David Nuttall,TRUE,BURY NORTH,111,Conservatives,DNuttall
UKIP,David Outterside,FALSE,STOCKTON SOUTH,536,UKIP,DaveTheBrief
LD,David Radcliffe,FALSE,BIRMINGHAM SELLY OAK,64,LibDem,radclifd
Green,David Ratcliff,FALSE,SUTTON COLDFIELD,557,Green,dmrgoblue
LD,David Ridgway,FALSE,BARNSLEY CENTRAL,29,LibDem,davidridgway67
LD,David Ridgway,FALSE,BARNSLEY CENTRAL,29,LibDem,blibdem
C,David Rutley,TRUE,MACCLESFIELD,382,Conservatives,DavidRutley
DUP,David Simpson,TRUE,UPPER BANN,586,Democratic Unionist,DavidSimpsonDUP
Lab,David Stokes,FALSE,BOURNEMOUTH WEST,83,Labour,dave4bmthwest
Green,David Wadsworth,FALSE,CHESTERFIELD,144,Green,maximusdogface
C,David Warburton,TRUE,SOMERTON & FROME,519,Conservatives,DJWarburton
LD,David Watts,FALSE,NEWARK,411,LibDem,DavidWatts12
Lab,David Winnick,TRUE,WALSALL NORTH,593,Labour,winnickwalsalln
Green,David Woollcombe,FALSE,HERTFORD & STORTFORD,308,Green,easthertsgreen
Green,David Woollcombe,FALSE,HERTFORD & STORTFORD,308,Green,davidwooll1950
LD,Dawn Barnes,FALSE,HORNSEY & WOOD GREEN,318,LibDem,Dawn_Barnes
Lab,Dawn Butler,TRUE,BRENT CENTRAL,90,Labour,DawnButlerBrent
Green,Dawn Furness,FALSE,BLYTH VALLEY,73,Green,DawnFurness
UKIP,Dean Palethorpe,FALSE,SALISBURY,496,UKIP,DeanPalethorpe1
C,Dean Russell,FALSE,LUTON SOUTH,381,Conservatives,dean_r
Lab,Debbie Abrahams,TRUE,OLDHAM EAST & SADDLEWORTH,439,Labour,Debbie_abrahams
UKIP,Debbie Caplin,FALSE,WALLASEY,592,UKIP,caplindebbie
LD,Deborah Brewer,FALSE,TORBAY,575,LibDem,TorbayLibDems
LD,Deborah Brewer,FALSE,TORBAY,575,LibDem,Deborah4Torbay
LD,Deborah Unger,FALSE,CHINGFORD & WOODFORD GREEN,146,LibDem,DebWiseUnger
SF,Declan Kearney,FALSE,ANTRIM SOUTH,15,Sinn Fein,declankearneysf
SDLP,Declan McAlinden,FALSE,UPPER BANN,586,SDLP,Declan_McA
Green,Declan Walsh,FALSE,SHEFFIELD HEELEY,506,Green,declanw
C,Dehenna Davison,FALSE,SEDGEFIELD,499,Conservatives,DehennaDavison
SNP,Deidre Brock,TRUE,EDINBURGH NORTH & LEITH,229,SNP,DeidreBrock
C,Derek Thomas,TRUE,ST IVES,494,Conservatives,DerekThomasUK
Lab,Derek Twigg,TRUE,HALTON,285,Labour,DerekTwiggMP
Green,Derek Wall,FALSE,MAIDENHEAD,383,Green,anothergreen
SF,Dermot Nicholl,FALSE,LONDONDERRY EAST,376,Sinn Fein,dermotnicholl
C,Desmond Swayne,TRUE,NEW FOREST WEST,410,Conservatives,DesmondSwayne
Lab,Diana Johnson,TRUE,HULL NORTH,324,Labour,DianaJohnsonMP
Lab,Diane Abbott,TRUE,HACKNEY NORTH & STOKE NEWINGTON,280,Labour,HackneyAbbott
LD,Dinah Keal,FALSE,THIRSK & MALTON,569,LibDem,dinahkeal
Lab,Dinah Mulholland,FALSE,CEREDIGION,135,Labour,dinahceredigion
UKIP,Dominic Cook,FALSE,SHEFFIELD CENTRAL,504,UKIP,DrDomGB
Green,Dominic Giles,FALSE,STRATFORD-ON-AVON,543,Green,domgiles1
LD,Dominic Hardwick,FALSE,BURTON,110,LibDem,DominicHardwick
Green,Dominic Horsman,FALSE,DURHAM NORTH WEST,216,Green,qudit
UUP,Doug Beattie,FALSE,UPPER BANN,586,Ulster Unionist,beattiedoug
Lab,Douglas Beattie,FALSE,"DUMFRIESSHIRE, CLYDESDALE & TWEEDDALE",208,Labour,douglasbeatt
SNP,Douglas Chapman,TRUE,DUNFERMLINE & FIFE WEST,213,SNP,DougChapmanSNP
C,Douglas Ross,FALSE,MORAY,403,Conservatives,douglas4moray
LD,Dr Adam Carter,FALSE,ROTHERHAM,482,LibDem,dradamcart
C,Dr Dan Poulter,TRUE,SUFFOLK CENTRAL & IPSWICH NORTH,547,Conservatives,drdanpoulter
Lab,Dr Neeraj Patil,FALSE,PUTNEY,462,Labour,neerajpatil
Lab,Dr Nik Johnson,FALSE,HUNTINGDON,326,Labour,cambridgemagpie
SNP,Dr Philippa Whitford,TRUE,AYRSHIRE CENTRAL,24,SNP,dr_philippaw
Lab,Dr Rosena Allin-Khan,TRUE,TOOTING,574,Labour,DrRosena
C,Dr Sarah Wollaston,TRUE,TOTNES,577,Conservatives,sarahwollaston
C,Dr Tania Mathias,TRUE,TWICKENHAM,581,Conservatives,tania_mathias
LD,Drew Heffernan,FALSE,OLD BEXLEY & SIDCUP,438,LibDem,Drew1403
SNP,Drew Hendry,TRUE,"INVERNESS, NAIRN, BADENOCH & STRATHSPEY",331,SNP,drewhendrySNP
C,Duncan Crute,FALSE,NEWCASTLE UPON TYNE NORTH,416,Conservatives,DuncanCCrute
Green,Duncan Kerr,FALSE,SHROPSHIRE NORTH,511,Green,DuncanKer
Lab,Dylan Harrison,FALSE,"WREKIN, THE",640,Labour,dylan_prh4me
Lab,Ealasaid MacDonald,FALSE,NA H-EILEANAN AN IAR,407,Labour,EalasaidMacD
Green,Ed Carlisle,FALSE,LEEDS CENTRAL,351,Green,edleeds
Lab,Ed Mayne,FALSE,EPSOM & EWELL,240,Labour,ee_labour
C,Ed McRandal,FALSE,ST HELENS SOUTH & WHISTON,493,Conservatives,EdmcRandal
Lab,Ed Miliband,TRUE,DONCASTER NORTH,196,Labour,Ed_Miliband
LD,Ed Reynolds,FALSE,RUTLAND & MELTON,488,LibDem,RandMLibDems
C,Ed Vaizey,TRUE,WANTAGE,597,Conservatives,edvaizey
C,Ed Young,FALSE,YORK CENTRAL,648,Conservatives,ConservativesYO
C,Eddie Hughes,FALSE,WALSALL NORTH,593,Conservatives,eddiehughes4wn
LD,Ednan Hussain,FALSE,DEWSBURY,193,LibDem,dewsburylibdems
LD,Edward McMillan-Scott,FALSE,WORCESTERSHIRE WEST,635,LibDem,emcmillanscott
C,Edward Timpson,TRUE,CREWE & NANTWICH,169,Conservatives,edwardtimpson
LD,Elaine Bagshaw,FALSE,POPLAR & LIMEHOUSE,456,LibDem,esbagshaw
C,Eleanor Laing,TRUE,EPPING FOREST,239,Conservatives,eleanor4epping
Green,Eleanor Margolies,FALSE,CAMBERWELL & PECKHAM,117,Green,ellanOrnell
Lab,Eleanor Smith,FALSE,WOLVERHAMPTON SOUTH WEST,632,Labour,WSW_Labour
Green,Elfrede Brambley-Crawshaw,FALSE,WAVENEY,605,Green,elfyshappyplace
LD,Elisabeth Wilson,FALSE,EAST LOTHIAN,224,LibDem,elis_wilson
Lab,Elisha Fisher,FALSE,"CUMBERNAULD, KILSYTH & KIRKINTILLOCH EAST",173,Labour,vote_fisher
LD,Elizabeth Adams,FALSE,STRATFORD-ON-AVON,543,LibDem,Liz4Stratford
UKIP,Elizabeth Jones,FALSE,BERMONDSEY & OLD SOUTHWARK,49,UKIP,joneselizab
C,Elizabeth Truss,TRUE,NORFOLK SOUTH WEST,425,Conservatives,trussliz
Lab,Ellie Reeves,FALSE,LEWISHAM WEST & PENGE,365,Labour,elliereeves
LD,Emily Fermor,FALSE,MAIDSTONE & THE WEALD,384,LibDem,emilyfermor
LD,Emily Frith,FALSE,LEWISHAM EAST,364,LibDem,Emily4LewE
Lab,Emily Owen,FALSE,ABERCONWY,2,Labour,emily4aberconwy
LD,Emily Tester,FALSE,BRIGHTON KEMPTOWN,97,LibDem,EmilyTesterLD
Lab,Emily Thornberry,TRUE,ISLINGTON SOUTH & FINSBURY,335,Labour,EmilyThornberry
Lab,Emina Ibrahim,FALSE,CARSHALTON & WALLINGTON,133,Labour,Emina_ibrahim
Lab,Emma Bishton,FALSE,SUFFOLK SOUTH,549,Labour,emmabishton
Green,Emma Bullard,FALSE,SHREWSBURY & ATCHAM,510,Green,GreenEmmaB
Green,Emma Dawnay,FALSE,7 DEVIZES,18,Green,Emma4Devizes
Lab,Emma Dent Coad,FALSE,KENSINGTON,340,Labour,emmadentcoad
Lab,Emma Hardy,FALSE,HULL WEST & HESSLE,325,Labour,emmaannhardy
C,Emma Lane,FALSE,HORNSEY & WOOD GREEN,318,Conservatives,emmalaneblue
Lab,Emma Lewell-Buck,TRUE,SOUTH SHIELDS,522,Labour,EmmaLewellBuck
Lab,Emma Reynolds,TRUE,WOLVERHAMPTON NORTH EAST,630,Labour,EmmaReynoldsMP
LD,Emma Sands,FALSE,CARDIFF SOUTH & PENARTH,128,LibDem,emmasands84
Lab,Emma Whysall,FALSE,CHIPPING BARNET,148,Labour,EmmaWhysall
UKIP,Emmanuel Feyisetan,FALSE,GRAVESHAM,275,UKIP,emkayfey
UKIP,Emmett Jenner,FALSE,BROMLEY & CHISLEHURST,104,UKIP,emmett_jenner
UKIP,Ernie Warrender,FALSE,FOREST OF DEAN,254,UKIP,ErnieWarrender
Green,Esther Obiri-Darko,FALSE,TOOTING,574,Green,greentooting
LD,Ewan Hoyle,FALSE,GLASGOW SOUTH,267,LibDem,ewanhoyle
C,Fabio Conti,FALSE,EALING SOUTHALL,220,Conservatives,fabio_conti88
Lab,Faisal Rashid,FALSE,WARRINGTON SOUTH,600,Labour,FaisalRashid6
Lab,Faten Hameed,FALSE,GLASGOW CENTRAL,262,Labour,FatenH4Labour
PC,Fflur Elin,FALSE,PONTYPRIDD,454,Plaid Cymru,fflurelin
Lab,Fiona Colley,FALSE,WOKING,628,Labour,FionaColley
Lab,Fiona Dent,FALSE,RUNNYMEDE & WEYBRIDGE,485,Labour,FionaDentLabour
LD,Fiona Hall,FALSE,HEXHAM,312,LibDem,FionaHallEU
UKIP,Fiona Mills,FALSE,CARLISLE,130,UKIP,Fiona__Mills
Lab,Fiona Onasanya,FALSE,PETERBOROUGH,451,Labour,fiflowertot
Green,Fiona Radic,FALSE,PETERBOROUGH,451,Green,FionaRadic
LD,Fionna Tod,FALSE,NORFOLK MID,421,LibDem,Fionna_T_
C,Flick Drummond,TRUE,PORTSMOUTH SOUTH,458,Conservatives,FlickD
Lab,Foysol Choudhury,FALSE,EDINBURGH SOUTH WEST,231,Labour,FoysolChoudhury
UKIP,Fran Loi,FALSE,BROXTOWE,107,UKIP,FrancoisLoi
Lab,Frances Rehal,FALSE,THANET NORTH,567,Labour,rehalfrances
SF,Francie Molloy,TRUE,ULSTER MID,585,Sinn Fein,FrancieMolloy
LD,Francis Oppler,FALSE,BOGNOR REGIS & LITTLEHAMPTON,74,LibDem,FrancisOppler
Lab,Frank Field,TRUE,BIRKENHEAD,56,Labour,frankfieldteam
LD,Frank Hindle,FALSE,GATESHEAD,259,LibDem,frankhindle
DUP,Frank McCoubrey,FALSE,BELFAST WEST,48,Democratic Unionist,FMcCoubrey1
LD,Freddie Van Mierlo,FALSE,FYLDE,256,LibDem,fivanmierlo
Lab,Gareth Barrett,FALSE,BRENTWOOD & ONGAR,93,Labour,GarethPBarrett
C,Gareth Davies,FALSE,LEEDS CENTRAL,351,Conservatives,garethmdaviesuk
Lab,Gareth Derrick,FALSE,CORNWALL SOUTH EAST,163,Labour,gareth4cornwall
C,Gareth Johnson,TRUE,DARTFORD,177,Conservatives,GarethJohnsonMP
Lab,Gareth Snell,TRUE,STOKE-ON-TRENT CENTRAL,537,Labour,gareth_snell
Lab,Gareth Thomas,FALSE,CLWYD WEST,155,Labour,GarethThomasMP
Lab,Gareth Thomas,TRUE,HARROW WEST,295,Labour,GarethThomasMP
LD,Gareth Wilson,FALSE,TATTON,563,LibDem,GarethLibDem
LD,Garth Harkness,FALSE,OLDHAM WEST & ROYTON,440,LibDem,garthharkness
UKIP,Gary Legg,FALSE,TYNESIDE NORTH,583,UKIP,garyupnorth
DUP,Gary Middleton,FALSE,FOYLE,255,Democratic Unionist,Gary_Middleton
Lab,Gary Puffett,FALSE,ALDERSHOT,7,Labour,Gary_Puffett
C,Gavin Barwell,TRUE,CROYDON CENTRAL,170,Conservatives,BackBarwell
SNP,Gavin Newlands,TRUE,PAISLEY & RENFREWSHIRE NORTH,445,SNP,GavNewlandsSNP
DUP,Gavin Robinson,TRUE,BELFAST EAST,45,Democratic Unionist,GRobinsonDUP
Lab,Gavin Shuker,TRUE,LUTON SOUTH,381,Labour,gavinshuker
C,Gavin Williamson,TRUE,STAFFORDSHIRE SOUTH,530,Conservatives,GavinWilliamson
Lab,Ged Killen,FALSE,RUTHERGLEN & HAMILTON WEST,487,Labour,Gedk
UKIP,Geoffrey Bastin,FALSE,BEXHILL & BATTLE,54,UKIP,Geoffbastin
C,Geoffrey Cox,TRUE,DEVON WEST & TORRIDGE,192,Conservatives,Geoffrey_Cox
C,George Freeman,TRUE,NORFOLK MID,421,Conservatives,Freeman_George
C,George Grant,FALSE,BRADFORD WEST,87,Conservatives,GeorgePBGrant
Lab,George Howarth,TRUE,KNOWSLEY,346,Labour,labourknowsley
Lab,George Howarth,TRUE,KNOWSLEY,346,Labour,georgehowarthmp
Lab,George Howarth,TRUE,KNOWSLEY,346,Labour,abourknowsley
SNP,George Kerevan,TRUE,EAST LOTHIAN,224,SNP,GeorgeKerevan
LD,George Turner,FALSE,VAUXHALL,590,LibDem,georgenturner
Green,Georgina Milne,FALSE,BELFAST EAST,45,Green,Georgina_Milne
Lab,Geraint Davies,TRUE,SWANSEA WEST,559,Labour,GeraintDaviesMP
Lab,Gerald Jones,TRUE,MERTHYR TYDFIL & RHYMNEY,393,Labour,GeraldJonesLAB
Green,Geraldine Coggins,FALSE,ALTRINCHAM & SALE WEST,9,Green,CogginsGeraldin
UKIP,Gerard Batten,FALSE,MAIDENHEAD,383,UKIP,GerardBattenMEP
Lab,Gerrie Messer,FALSE,TOTNES,577,Labour,Labour4Totnes
LD,Gideon Amos,FALSE,TAUNTON DEANE,564,LibDem,GideonJAmos
C,Giles Watling,FALSE,CLACTON,152,Conservatives,GilesWatling
Lab,Gill Furniss,TRUE,SHEFFIELD BRIGHTSIDE & HILLSBOROUGH,503,Labour,gillfurnissmp
C,Gillian Keegan,FALSE,CHICHESTER,145,Conservatives,GillianKeegan
Lab,Gillian Troughton,FALSE,COPELAND,160,Labour,GillTroughton
UKIP,Glenville Gogerly,FALSE,STROUD,546,UKIP,glen_gogerly
Lab,Gloria De Piero,TRUE,ASHFIELD,19,Labour,GloriaDePiero
C,Glyn Davies,TRUE,MONTGOMERYSHIRE,402,Conservatives,GlynDavies
C,Gonul Daniels,FALSE,EDMONTON,233,Conservatives,GonulDaniels
Lab,Gordon Marsden,TRUE,BLACKPOOL SOUTH,70,Labour,GordonMarsden
Lab,Graeme Currie,FALSE,SHROPSHIRE NORTH,511,Labour,graeme_currie1
C,Graham Brady,TRUE,ALTRINCHAM & SALE WEST,9,Conservatives,Graham__Brady
UKIP,Graham Eardley,FALSE,WOLVERHAMPTON NORTH EAST,630,UKIP,GrahamEardley
C,Graham Evans,TRUE,WEAVER VALE,607,Conservatives,GrahamEvans
Lab,Graham Jones,TRUE,HYNDBURN,327,Labour,grahamjones_mp
UKIP,Graham Matthews,FALSE,KINGSTON & SURBITON,343,UKIP,UKIP_RBK
Lab,Graham Stringer,TRUE,BLACKLEY & BROUGHTON,68,Labour,gstringermp
C,Graham Stuart,TRUE,BEVERLEY & HOLDERNESS,53,Conservatives,grahamstuart
Lab,Grahame Morris,TRUE,EASINGTON,221,Labour,grahamemorris
C,Grant Shapps,TRUE,WELWYN HATFIELD,610,Conservatives,grantshapps
C,Greg Clark,TRUE,TUNBRIDGE WELLS,580,Conservatives,GClarkUK
C,Greg Hands,TRUE,CHELSEA & FULHAM,140,Conservatives,GregHands
LD,Greg Judge,FALSE,COVENTRY SOUTH,167,LibDem,gregjudge
C,Greg Knight,TRUE,YORKSHIRE EAST,650,Conservatives,GregKnight
Lab,Greg Marshall,FALSE,BROXTOWE,107,Labour,Greg4Broxtowe
Lab,Greg Mountain,FALSE,SUSSEX MID,555,Labour,Mountainin2015
LD,Greg Mulholland,TRUE,LEEDS NORTH WEST,354,LibDem,GregMulholland1
C,Greg Smith,FALSE,HAYES & HARLINGTON,300,Conservatives,gregsmith_uk
Green,Grenville Ham,FALSE,CEREDIGION,135,Green,GrenvilleHam
Green,Gulnar Hasnain,FALSE,VAUXHALL,590,Green,gulnar73
C,Guy Opperman,TRUE,HEXHAM,312,Conservatives,GuyOpperman
SNP,Hannah Bardell,TRUE,LIVINGSTON,374,SNP,HannahB4LiviMP
Green,Hannah Clare,FALSE,HARLOW,292,Green,hannalytical
C,Hannah David,FALSE,HARROW WEST,295,Conservatives,HannahDavid_HW
LD,Hannah Fraser,FALSE,SHREWSBURY & ATCHAM,510,LibDem,HannahFAbbey
Lab,Hannah O'Neill,FALSE,MILTON KEYNES SOUTH,398,Labour,MKLabourParty
Lab,Hannah O'Neill,FALSE,MILTON KEYNES SOUTH,398,Labour,hfoneill
UUP,Harold McKee,FALSE,DOWN SOUTH,203,Ulster Unionist,McKeeUUP
Lab,Harriet Harman,TRUE,CAMBERWELL & PECKHAM,117,Labour,HarrietHarman
C,Harriett Baldwin,TRUE,WORCESTERSHIRE WEST,635,Conservatives,hbaldwin
C,Havard Hughes,FALSE,CARMARTHEN EAST & DINEFWR,131,Conservatives,Havard_Hughes
Green,Heather Barrie,FALSE,CHICHESTER,145,Green,harriescoffee
Lab,Heather Peto,FALSE,RUTLAND & MELTON,488,Labour,heatherisone
C,Heather Wheeler,TRUE,DERBYSHIRE SOUTH,186,Conservatives,HeatherWheeler
Lab,Heidi Alexander,TRUE,LEWISHAM EAST,364,Labour,heidi_mp
C,Heidi Allen,TRUE,CAMBRIDGESHIRE SOUTH,122,Conservatives,heidiallen75
LD,Helen Belcher,FALSE,CHIPPENHAM,147,LibDem,HelenCBelcher
LD,Helen Flynn,FALSE,HARROGATE & KNARESBOROUGH,293,LibDem,flynnhc
Green,Helen Geake,FALSE,BURY ST EDMUNDS,113,Green,helengeake
Lab,Helen Goodman,TRUE,BISHOP AUCKLAND,66,Labour,HelenGoodmanMP
C,Helen Grant,TRUE,MAIDSTONE & THE WEALD,384,Conservatives,HelenGrantMP
C,Helen Harrison,FALSE,BOLSOVER,75,Conservatives,helenharrisonuk
Lab,Helen Hayes,TRUE,DULWICH & WEST NORWOOD,206,Labour,helenhayes_
UKIP,Helen Hims,FALSE,WESTON-SUPER-MARE,617,UKIP,UKIPwestonSmare
Lab,Helen Jones,TRUE,WARRINGTON NORTH,599,Labour,HelenJonesMP
C,Helen Whately,TRUE,FAVERSHAM & KENT MID,247,Conservatives,Helen_Whately
UKIP,Helena Windsor,FALSE,SURREY EAST,552,UKIP,votepurple2015
C,Henry Smith,TRUE,CRAWLEY,168,Conservatives,HenrySmithUK
Green,Henry Stanton,FALSE,CANTERBURY,125,Green,HenryStantonGP
LD,Henry Vann,FALSE,BEDFORD,41,LibDem,BedfordVann
Lab,Hilary Benn,TRUE,LEEDS CENTRAL,351,Labour,hilarybennmp
LD,Hina Malik,FALSE,FELTHAM & HESTON,248,LibDem,hinamalik85
Lab,Hitesh Tailor,FALSE,SURREY EAST,552,Labour,Hitesh_T
Lab,Holly Lynch,TRUE,HALIFAX,283,Labour,HollyLynch5
LD,Hugh Annand,FALSE,HITCHIN & HARPENDEN,315,LibDem,Hugh_Annand
C,Hugo Swire,TRUE,DEVON EAST,189,Conservatives,HugoSwire
Lab,Huw Jones,FALSE,CAMBRIDGESHIRE SOUTH EAST,123,Labour,SECambsLabour
Lab,Huw Jones,FALSE,CAMBRIDGESHIRE SOUTH EAST,123,Labour,huwjoneslabour
PC,Huw Marshall,FALSE,OGMORE,437,Plaid Cymru,Marshallmedia
C,Huw Merriman,TRUE,BEXHILL & BATTLE,54,Conservatives,HuwMerriman
PC,Hywel Williams,TRUE,ARFON,16,Plaid Cymru,HywelPlaidCymru
Green,Iain Hamilton,FALSE,THORNBURY & YATE,570,Green,sggreenparty
C,Iain Lindley,FALSE,WORSLEY & ECCLES SOUTH,637,Conservatives,cllrilindley
C,Iain McGill,FALSE,EDINBURGH NORTH & LEITH,229,Conservatives,IainMcGill
Lab,Iain Simpson,FALSE,BROADLAND,103,Labour,IainSimpson
C,Iain Stewart,TRUE,MILTON KEYNES SOUTH,398,Conservatives,iainastewart
Lab,Ian Austin,TRUE,DUDLEY NORTH,204,Labour,IanAustinMP
SNP,Ian Blackford,TRUE,"ROSS, SKYE & LOCHABER",479,SNP,IBlackfordSNP
UKIP,Ian Bond,FALSE,OLDHAM EAST & SADDLEWORTH,439,UKIP,IanBondLaw
PC,Ian Johnson,FALSE,VALE OF GLAMORGAN,589,Plaid Cymru,ianjamesjohnson
Lab,Ian Lavery,TRUE,WANSBECK,596,Labour,IanLaveryMP
Lab,Ian Lucas,TRUE,WREXHAM,641,Labour,IanCLucas
Lab,Ian McCargo,FALSE,PUDSEY,461,Labour,pudseylabour
Green,Ian McCulloch,FALSE,PORTSMOUTH SOUTH,458,Green,green_mac
Lab,Ian Mearns,TRUE,GATESHEAD,259,Labour,ianmearnsmp
Green,Ian Middleton,FALSE,BANBURY,26,Green,ianmiddletonx
Lab,Ian Murray,TRUE,EDINBURGH SOUTH,230,Labour,IanMurrayMP
DUP,Ian Paisley,TRUE,ANTRIM NORTH,14,Democratic Unionist,ianpaisleymp
LD,Ian Priestner,FALSE,EDDISBURY,227,LibDem,ianpriestnerLD
LD,Ian Stotesbury,FALSE,WATFORD,604,LibDem,ianstotesbury
C,Ian Walker,FALSE,SHEFFIELD HALLAM,505,Conservatives,IGWalker
LD,Iliyan Stefanov,FALSE,OCHIL & PERTHSHIRE SOUTH,436,LibDem,iliyanlibdems
Lab,Imran Hussain,TRUE,BRADFORD EAST,85,Labour,Imran_HussainMP
Lab,Imran Uddin,FALSE,WIMBLEDON,621,Labour,ImranUddin2003
Lab,Imran Uddin,FALSE,WIMBLEDON,621,Labour,WimbledonLabour
Lab,Imran Uddin,FALSE,WIMBLEDON,621,Labour,ImranUddin2003
Lab,Imtiyaz Shaikh,FALSE,7 DEVIZES,18,Labour,imtiyaz677
Lab,Imtiyaz Shaikh,FALSE,7 DEVIZES,18,Labour,devizeslabour
LD,Irfan Ahmed,FALSE,BLACKBURN,67,LibDem,IrfanAhmedUK
LD,Isobel Davidson,FALSE,ABERDEEN NORTH,3,LibDem,isobeldavidson
C,Isobel Grant,FALSE,EALING NORTH,219,Conservatives,isogrant
Lab,Ivan Lewis,TRUE,BURY SOUTH,112,Labour,IvanLewis_MP
Lab,Iwan Jones,FALSE,MONTGOMERYSHIRE,402,Labour,iwan_wyn_llafur
UKIP,Jack Bovill,FALSE,HAMMERSMITH,286,UKIP,jackbov
Lab,Jack Dromey,TRUE,BIRMINGHAM ERDINGTON,58,Labour,JackDromeyMP
C,Jack Lopresti,TRUE,FILTON & BRADLEY STOKE,251,Conservatives,JackLopresti
C,Jack Rankin,FALSE,ASHTON UNDER LYNE,21,Conservatives,jackmrankin
C,Jack Tinley,FALSE,NOTTINGHAM NORTH,433,Conservatives,Jack_Tinley
C,Jackie Doyle-Price,TRUE,THURROCK,571,Conservatives,JackieDP
LD,Jackie Pearcey,FALSE,MANCHESTER GORTON,388,LibDem,jackiepearcey
LD,Jackie Porter,FALSE,WINCHESTER,622,LibDem,jackielibdem
C,Jackson Ng,FALSE,ST HELENS NORTH,492,Conservatives,jacksonnguk
C,Jacob Young,FALSE,MIDDLESBROUGH,394,Conservatives,jcbyoung
Green,Jacqi Hodgson,FALSE,TOTNES,577,Green,JacqiHodgson
Green,Jacquetta Fewster,FALSE,MOLE VALLEY,400,Green,green_jacquetta
PC,Jacqui Hurst,FALSE,ALYN & DEESIDE,10,Plaid Cymru,hurstjaq
Green,Jaimes Moran,FALSE,LEEDS EAST,352,Green,EbikeJaimes
C,Jake Berry,TRUE,ROSSENDALE & DARWEN,480,Conservatives,JakeBerry
Lab,Jake Lambert,FALSE,EASTBOURNE,225,Labour,JakeyLambert
Green,James Abbott,FALSE,WITHAM,626,Green,JamesAbbott2013
LD,James Baker,FALSE,HALIFAX,283,LibDem,Jamesdbaker1
C,James Berry,TRUE,KINGSTON & SURBITON,343,Conservatives,JamesBerryUK
C,James Bird,FALSE,WALSALL SOUTH,594,Conservatives,James_Bird_
LD,James Blanchard,FALSE,YORK OUTER,649,LibDem,jamesblanchard
Green,James Brierley,FALSE,WOKING,628,Green,jameswbrierley
C,James Brokenshire,TRUE,OLD BEXLEY & SIDCUP,438,Conservatives,JBrokenshire
UKIP,James Bush,FALSE,DERBYSHIRE NORTH EAST,185,UKIP,jameshenrybush
LD,James Calder,FALSE,DUNFERMLINE & FIFE WEST,213,LibDem,jCalderLibDem
C,James Cartlidge,TRUE,SUFFOLK SOUTH,549,Conservatives,jc4southsuffolk
C,James Cleverly,TRUE,BRAINTREE,88,Conservatives,JamesCleverly
LD,James Cox,FALSE,WARWICKSHIRE NORTH,602,LibDem,james_cox12
C,James Daly,FALSE,BOLTON NORTH EAST,76,Conservatives,cllrjamesdaly
C,James Davies,TRUE,VALE OF CLWYD,588,Conservatives,JamesDavies
Lab,James Dawson,FALSE,AMBER VALLEY,11,Labour,cllrjamesdawson
C,James Duddridge,TRUE,ROCHFORD & SOUTHEND EAST,476,Conservatives,JamesDuddridge
Lab,James English,FALSE,BEACONSFIELD,39,Labour,_jamesenglish
LD,James Flanagan,FALSE,CANTERBURY,125,LibDem,JamesCanterbury
C,James Gray,TRUE,WILTSHIRE NORTH,619,Conservatives,JGray
C,James Heappey,TRUE,WELLS,609,Conservatives,JSHeappey
Green,James Lovatt,FALSE,BIRMINGHAM ERDINGTON,58,Green,JamesLovatt
C,James Morris,TRUE,HALESOWEN & ROWLEY REGIS,282,Conservatives,JamesMorris
LD,James Sandbach,FALSE,SUFFOLK COASTAL,548,LibDem,james4suffolk
C,James Taghdissian,FALSE,EXETER,244,Conservatives,jtforexeter
C,James Wharton,TRUE,STOCKTON SOUTH,536,Conservatives,jameswhartonuk
C,Jamie Johnston,FALSE,ORKNEY & SHETLAND,441,Conservatives,jhalcrojohnston
LD,Jamie Scott,FALSE,HALESOWEN & ROWLEY REGIS,282,LibDem,itsjamiescott
LD,Jamie Scott,FALSE,HALESOWEN & ROWLEY REGIS,282,LibDem,itvjamie
C,Jamie Wallis,FALSE,OGMORE,437,Conservatives,JamieWallisCons
Lab,Jane Berney,FALSE,SAFFRON WALDEN,489,Labour,SWLabour
LD,Jane Brophy,FALSE,ALTRINCHAM & SALE WEST,9,LibDem,janebrophyld
LD,Jane Dodds,FALSE,MONTGOMERYSHIRE,402,LibDem,doddsjane
C,Jane Ellison,TRUE,BATTERSEA,38,Conservatives,JaneEllison
C,Jane Howard,FALSE,ROCHDALE,474,Conservatives,cllrjanehoward
C,Jane Hunt,FALSE,NOTTINGHAM SOUTH,434,Conservatives,janemhunt
C,Jane Pratt,FALSE,CAERPHILLY,114,Conservatives,jane4mcc
Green,Jarelle Francis,FALSE,TOTTENHAM,578,Green,FrancisJarelle
Green,Jarelle Francis,FALSE,TOTTENHAM,578,Green,FrancisJarelle
C,Jason McCartney,TRUE,COLNE VALLEY,158,Conservatives,JasonMcCartney
LD,Jayne Phoenix,FALSE,RUSHCLIFFE,486,LibDem,dorejayne
LD,Jean Davis,FALSE,"ROSS, SKYE & LOCHABER",479,LibDem,jeanmedavis
Lab,Jed Sullivan,FALSE,FYLDE,256,Labour,sullivan_jed
Lab,Jeff Smith,TRUE,MANCHESTER WITHINGTON,389,Labour,JeffSmithetc
DUP,Jeffrey Donaldson,TRUE,LAGAN VALLEY,347,Democratic Unionist,J_Donaldson_MP
Lab,Jennifer Brathwaite,FALSE,CROYDON SOUTH,172,Labour,JenniferBrathwa
Lab,Jenny Chapman,TRUE,DARLINGTON,176,Labour,JennyChapman
LD,Jenny Wilson,FALSE,ABERDEEN SOUTH,4,LibDem,wilsjen
LD,Jenny Woods,FALSE,READING EAST,464,LibDem,DrJennyWoods
Lab,Jeremy Corbyn,TRUE,ISLINGTON NORTH,334,Labour,jeremycorbyn
LD,Jeremy Hilton,FALSE,GLOUCESTER,270,LibDem,jeremy4glos
C,Jeremy Hunt,TRUE,SURREY SOUTH WEST,554,Conservatives,Jeremy_Hunt
C,Jeremy Lefroy,TRUE,STAFFORD,528,Conservatives,JeremyLefroy
Lab,Jeremy Newmark,FALSE,FINCHLEY & GOLDERS GREEN,252,Labour,Jeremy_Newmark
LD,Jerry Evans,FALSE,BIRMINGHAM HALL GREEN,59,LibDem,Jerry4MP
LD,Jerry Roodhouse,FALSE,RUGBY,483,LibDem,JerryRoodhouse
Green,Jess Mayo,FALSE,MANCHESTER GORTON,388,Green,Greens_JessMayo
Green,Jess Northey,FALSE,ST HELENS SOUTH & WHISTON,493,Green,jessnorthey
Lab,Jess Phillips,TRUE,BIRMINGHAM YARDLEY,65,Labour,jessphillips
C,Jesse Norman,TRUE,HEREFORD & HEREFORDSHIRE SOUTH,306,Conservatives,Jesse_Norman
Lab,Jessica Morden,TRUE,NEWPORT EAST,417,Labour,jessicamordenmp
Lab,Jewel Miah,FALSE,LOUGHBOROUGH,377,Labour,jewelmiah
Lab,Jill Payne,FALSE,EASTLEIGH,226,Labour,EastleighLab
SNP,Jim Eadie,FALSE,EDINBURGH SOUTH,230,SNP,JimEadieSNP
Lab,Jim Fitzpatrick,TRUE,POPLAR & LIMEHOUSE,456,Labour,FitzMP
DUP,Jim Shannon,TRUE,STRANGFORD,542,Democratic Unionist,JimShannonMP
LD,Jo Barton,FALSE,LANCASHIRE WEST,349,LibDem,cllrjobarton
C,Jo Churchill,TRUE,BURY ST EDMUNDS,113,Conservatives,Jochurchill4
C,Jo Gideon,FALSE,GREAT GRIMSBY,276,Conservatives,jogideon
LD,Jo Hayes,FALSE,WITHAM,626,LibDem,JoHayesLibDem
C,Jo Johnson,TRUE,ORPINGTON,442,Conservatives,JoJohnsonUK
Lab,Jo Rust,FALSE,NORFOLK NORTH WEST,423,Labour,JoRust45
Lab,Jo Stevens,TRUE,CARDIFF CENTRAL,126,Labour,JoStevensLabour
LD,Jo Swinson,FALSE,DUNBARTONSHIRE EAST,209,LibDem,joswinson
Lab,Joan Ryan,TRUE,ENFIELD NORTH,237,Labour,joanryanEnfield
SNP,Joanna Cherry,TRUE,EDINBURGH SOUTH WEST,231,SNP,joannaccherry
Lab,Joanne Platt,FALSE,LEIGH,361,Labour,CllrJoP
Lab,Joanne Ross,FALSE,OCHIL & PERTHSHIRE SOUTH,436,Labour,yellowsiskin
Lab,Joanne Ross,FALSE,OCHIL & PERTHSHIRE SOUTH,436,Labour,twitter.com/yellowsiskin
Lab,Joe Cooke,FALSE,CASTLE POINT,134,Labour,JoeCookeLabour
LD,Joe Jordan,FALSE,HERTSMERE,311,LibDem,geekofhearts
Green,Joe Levy,FALSE,EXETER,244,Green,JoeJLevy
LD,Joe Naitta,FALSE,DERBY SOUTH,182,LibDem,joenaitta
LD,Joe Otten,FALSE,SHEFFIELD HEELEY,506,LibDem,joeottenx
Lab,Joe Rayment,FALSE,BATH,36,Labour,joerayment91
LD,Joe Richards,FALSE,HACKNEY NORTH & STOKE NEWINGTON,280,LibDem,joerichards
UKIP,Joe Smyth,FALSE,ISLWYN,336,UKIP,Joesmythukip
LD,Joel Kemp,FALSE,BEXHILL & BATTLE,54,LibDem,jpkemp94
Green,John Coyne,FALSE,WIRRAL WEST,625,Green,tommartincrone
Lab,John Cryer,TRUE,LEYTON & WANSTEAD,366,Labour,JohnCryerMP
Lab,John Fisher,FALSE,ALDRIDGE-BROWNHILLS,8,Labour,JohnFisher_1
C,John Glen,TRUE,SALISBURY,496,Conservatives,JohnGlenUK
Lab,John Hayes,FALSE,HITCHIN & HARPENDEN,315,Labour,jh66111
Lab,John Healey,TRUE,WENTWORTH & DEARNE,611,Labour,JohnHealey_MP
LD,John Hemming,FALSE,BIRMINGHAM YARDLEY,65,LibDem,johnhemming4mp
C,John Howell,TRUE,HENLEY,305,Conservatives,JHowellUK
LD,John Leech,FALSE,MANCHESTER WITHINGTON,389,LibDem,johnleechmcr
Lab,John Mann,TRUE,BASSETLAW,35,Labour,JohnMannMP
Lab,John McDonnell,TRUE,HAYES & HARLINGTON,300,Labour,johnmcdonnellMP
Lab,John McKiernan,FALSE,BURTON,110,Labour,jamckier
SNP,John Nicolson,TRUE,DUNBARTONSHIRE EAST,209,SNP,MrJohnNicolson
SF,John O Dowd,FALSE,UPPER BANN,586,Sinn Fein,johnodowdsf
C,John Penrose,TRUE,WESTON-SUPER-MARE,617,Conservatives,JohnPenroseNews
UKIP,John Perry,FALSE,HAVANT,299,UKIP,John_Perry_UK
LD,John Potter,FALSE,WYRE & PRESTON NORTH,643,LibDem,johnpotterld
C,John Redwood,TRUE,WOKINGHAM,629,Conservatives,johnredwood
LD,John Russell,FALSE,LEWISHAM WEST & PENGE,365,LibDem,john4london
LD,John Shaw,FALSE,BASINGSTOKE,34,LibDem,johnshawlibdem
Lab,John Spellar,TRUE,WARLEY,598,Labour,spellar
C,John Stevenson,TRUE,CARLISLE,130,Conservatives,John4Carlisle
C,John Whittingdale,TRUE,MALDON,386,Conservatives,JWhittingdale
Lab,John Woodcock,TRUE,BARROW & FURNESS,31,Labour,JWoodcockMP
C,Johnny Mercer,TRUE,PLYMOUTH MOOR VIEW,452,Conservatives,JohnnyMercerUK
Lab,Jon Ashworth,TRUE,LEICESTER SOUTH,357,Labour,jonashworth
LD,Jon Ball,FALSE,EALING CENTRAL & ACTON,218,LibDem,JonBall
Lab,Jon Cruddas,TRUE,DAGENHAM & RAINHAM,175,Labour,JonCruddas_1
LD,Jon Hannah,FALSE,LEEDS NORTH EAST,353,LibDem,JCHannah77
Lab,Jon Trickett,TRUE,HEMSWORTH,303,Labour,jon_trickett
LD,Jon Whitehouse,FALSE,EPPING FOREST,239,LibDem,jon_whitehouse
LD,Jonathan Brown,FALSE,CHICHESTER,145,LibDem,LibIntervention
Green,Jonathan Chilvers,FALSE,WARWICK & LEAMINGTON,601,Green,jonchilvers
C,Jonathan Djanogly,TRUE,HUNTINGDON,326,Conservatives,JDjanogly
PC,Jonathan Edwards,TRUE,CARMARTHEN EAST & DINEFWR,131,Plaid Cymru,JonathanPlaid
Green,Jonathan Elmer,FALSE,"DURHAM, CITY OF",214,Green,Jonathan_Elmer
Green,Jonathan Essex,FALSE,REIGATE,468,Green,_JonathanEssex
LD,Jonathan Fryer,FALSE,DAGENHAM & RAINHAM,175,LibDem,jonathanfryer
C,Jonathan Gullis,FALSE,WASHINGTON & SUNDERLAND WEST,603,Conservatives,jegullis
Green,Jonathan Hornett,FALSE,WELLINGBOROUGH,608,Green,jonathanhornett
Lab,Jonathan Reynolds,TRUE,STALYBRIDGE & HYDE,531,Labour,jreynoldsMP
LD,Jonathan Smith,FALSE,OLDHAM EAST & SADDLEWORTH,439,LibDem,jonathansmithld
LD,Jordan Williams,FALSE,THANET SOUTH,568,LibDem,jordslw
Lab,Josh Fenton Glynn,FALSE,CALDER VALLEY,116,Labour,JoshFG
C,Joy Morrissey,FALSE,EALING CENTRAL & ACTON,218,Conservatives,joymorrissey
Lab,Joy Squires,FALSE,WORCESTER,633,Labour,JoySquires
LD,Joyce Onstad,FALSE,HAMMERSMITH,286,LibDem,JoyceOnstad
LD,Judith Bunting,FALSE,NEWBURY,412,LibDem,JudithBuntingLD
Lab,Judith Cummins,TRUE,BRADFORD SOUTH,86,Labour,JudithCummins
LD,Julia Cambridge,FALSE,SOUTH HOLLAND & THE DEEPINGS,520,LibDem,juliacambridge1
C,Julia Dockerill,FALSE,HORNCHURCH & UPMINSTER,317,Conservatives,JuliaDockerill
LD,Julian Huppert,FALSE,CAMBRIDGE,119,LibDem,julianhuppert
C,Julian Knight,TRUE,SOLIHULL,516,Conservatives,julianknight15
C,Julian Smith,TRUE,SKIPTON & RIPON,513,Conservatives,JulianSmithUK
C,Julian Sturdy,TRUE,YORK OUTER,649,Conservatives,ConservativesYO
Lab,Julian Ware-Lane,FALSE,SOUTHEND WEST,525,Labour,warelane
Lab,Julie Cooper,TRUE,BURNLEY,109,Labour,julieforburnley
Lab,Julie Elliott,TRUE,SUNDERLAND CENTRAL,551,Labour,JulieElliottMP
Lab,Julie Gibson,FALSE,SOUTH RIBBLE,521,Labour,CllrJGibson
Lab,Julie Hilling,FALSE,BOLTON WEST,78,Labour,JulieHilling
LD,Julie Ireland,FALSE,BECKENHAM,40,LibDem,JulieIreland
C,Julie Marson,FALSE,DAGENHAM & RAINHAM,175,Conservatives,JulieMarson
LD,Julie Porksen,FALSE,BERWICK-UPON-TWEED,50,LibDem,JuliePorksen
Lab,Julie Renyard,FALSE,NEW FOREST EAST,409,Labour,julie4nw
Lab,Justin Madders,TRUE,ELLESMERE PORT & NESTON,234,Labour,justinmadders
C,Justin Tomlinson,TRUE,SWINDON NORTH,560,Conservatives,JustinTomlinson
C,Justine Greening,TRUE,PUTNEY,462,Conservatives,JustineGreening
Lab,Karen Buck,TRUE,WESTMINSTER NORTH,615,Labour,KarenPBuckMP
LD,Karen Chilvers,FALSE,BRENTWOOD & ONGAR,93,LibDem,ldkatz71
UKIP,Karen Perez,FALSE,SLOUGH,515,UKIP,karenperezyoung
UKIP,Karen Perez,FALSE,SLOUGH,515,UKIP,yellowease
LD,Karen Roberts,FALSE,RHONDDA,470,LibDem,karenclydach
Lab,Karin Smyth,TRUE,BRISTOL SOUTH,101,Labour,karinsmyth
C,Karl McCartney,TRUE,LINCOLN,368,Conservatives,karlmccartney
Lab,Karl Turner,TRUE,HULL EAST,323,Labour,KarlTurnerMP
Green,Kat Boettge,FALSE,NOTTINGHAM EAST,432,Green,KatBoettge
Lab,Kate Green,TRUE,STRETFORD & URMSTON,545,Labour,KateGreenSU
Lab,Kate Hoey,TRUE,VAUXHALL,590,Labour,KateHoeyMP
Lab,Kate Hollern,TRUE,BLACKBURN,67,Labour,Kate_HollernMP
Lab,Kate Osamor,TRUE,EDMONTON,233,Labour,KateOsamor
Lab,Kate Watson,FALSE,GLASGOW EAST,263,Labour,katewatson67
Lab,Katherine Chibah,FALSE,HERTFORD & STORTFORD,308,Labour,ChibahKatherine
Lab,Katherine Dunne,FALSE,TWICKENHAM,581,Labour,katherinedunne
Lab,Kayte Block,FALSE,BASILDON & BILLERICAY,32,Labour,BasildonLabour
Lab,Kayte Block,FALSE,BASILDON & BILLERICAY,32,Labour,BasildonLabour
Lab,Keir Starmer,TRUE,HOLBORN & ST PANCRAS,316,Labour,Keir_Starmer
LD,Keith Angus,FALSE,ISLINGTON NORTH,334,LibDem,libdemkeith
Green,Keith Kondakor,FALSE,WARWICKSHIRE NORTH,602,Green,greennuneaton
LD,Keith Nevols,FALSE,SITTINGBOURNE & SHEPPEY,512,LibDem,Keith_Nevols
C,Keith Simpson,TRUE,BROADLAND,103,Conservatives,KeithSimpsonMP
Lab,Keith White,FALSE,CHELTENHAM,141,Labour,cheltlabour
C,Kelly Tolhurst,TRUE,ROCHESTER & STROOD,475,Conservatives,KellyTolhurst
LD,Kelly-Marie Blundell,FALSE,LEWES,362,LibDem,KellyMarieLD
UKIP,Kelvin Chapman,FALSE,MANCHESTER CENTRAL,387,UKIP,KalvinChapman
C,Kemi Badenoch,FALSE,SAFFRON WALDEN,489,Conservatives,KemiBadenoch
Lab,Ken Rustidge,FALSE,CAMBRIDGESHIRE NORTH EAST,120,Labour,KRustidge
C,Kenneth Clarke,TRUE,RUSHCLIFFE,486,Conservatives,kenclarkemp
Lab,Kerry McCarthy,TRUE,BRISTOL EAST,99,Labour,KerryMP
Lab,Kerry Pollard,FALSE,ST ALBANS,490,Labour,KerryPollard_
UKIP,Kerryanne Wilde,FALSE,PENRITH & THE BORDER,449,UKIP,opgiftbox
C,Kevin Beaty,FALSE,PRESTON,460,Conservatives,kevcow
Lab,Kevin Brennan,TRUE,CARDIFF WEST,129,Labour,KevinBrennanMP
C,Kevin Foster,TRUE,TORBAY,575,Conservatives,kevin_j_foster
C,Kevin Hollinrake,TRUE,THIRSK & MALTON,569,Conservatives,kevinhollinrake
C,Kevin Horkin,FALSE,HYNDBURN,327,Conservatives,KevinHorkin
Lab,Kevin McKeever,FALSE,NORTHAMPTON SOUTH,428,Labour,kevinmckeever
Green,Kevin White,FALSE,REDDITCH,467,Green,kevinwhite94
Lab,Khalid Mahmood,TRUE,BIRMINGHAM PERRY BARR,63,Labour,khalid4PB
Green,Kieran Turner,FALSE,CALDER VALLEY,116,Green,kierant
LD,Kirsten Johnson,FALSE,OXFORD EAST,443,LibDem,DrKirstenJ
Lab,Kirsten Muat,FALSE,GORDON,271,Labour,kirstenrosemuat
SNP,Kirsten Oswald,TRUE,RENFREWSHIRE EAST,469,SNP,kirstenoswald
C,Kirstene Hair,FALSE,ANGUS,12,Conservatives,kirstene4angus
LD,Kirsty Allan,FALSE,HAMPSTEAD & KILBURN,290,LibDem,kirstyrallan
SNP,Kirsty Blackman,TRUE,ABERDEEN NORTH,3,SNP,KirstySNP
C,Kirsty Finlayson,FALSE,EAST HAM,222,Conservatives,km_finlayson
C,Kit Malthouse,TRUE,HAMPSHIRE NORTH WEST,289,Conservatives,kitmalthouse
Green,Kizzi Johannessen,FALSE,READING EAST,464,Green,1MouseKnitting
LD,Kris Brown,FALSE,LIVERPOOL WALTON,371,LibDem,kris4wallasey
C,Kristy Adams,FALSE,HOVE,321,Conservatives,KristyAdamsBlue
Lab,Laetisia Carter,FALSE,WITNEY,627,Labour,laetisiacarter
C,Laetitia Glossop,FALSE,DURHAM NORTH,215,Conservatives,TishGlossop
C,Lana Hempsall,FALSE,NORWICH SOUTH,431,Conservatives,LanaHempsall
Lab,Lana Hylands,FALSE,ESHER & WALTON,243,Labour,lanahylands
Lab,Laura Davies,FALSE,SHREWSBURY & ATCHAM,510,Labour,ShrewsLabour
Lab,Laura Dover,FALSE,KILMARNOCK & LOUDOUN,342,Labour,laura4kandl
C,Laura Evans,FALSE,LIVERPOOL WALTON,371,Conservatives,villageward
C,Laura Farris,FALSE,LEYTON & WANSTEAD,366,Conservatives,Laura__Farris
Green,Laura Fisk,FALSE,BURNLEY,109,Green,laura4pendle
C,Laura Knightly,FALSE,ALYN & DEESIDE,10,Conservatives,lauraknightly
C,Laurence Robertson,TRUE,TEWKESBURY,566,Conservatives,lrobertsonTewks
Lab,Laurie South,FALSE,KINGSTON & SURBITON,343,Labour,elsiethered
LD,Layla Moran,FALSE,OXFORD WEST & ABINGDON,444,LibDem,laylamoran
LD,Lee Dargue,FALSE,BIRMINGHAM LADYWOOD,61,LibDem,leedargue
C,Lee Rowley,FALSE,DERBYSHIRE NORTH EAST,185,Conservatives,Lee4NED
UKIP,Lee Seville,FALSE,HEYWOOD & MIDDLETON,313,UKIP,leesevilleukip
UKIP,Lee Seville,FALSE,HEYWOOD & MIDDLETON,313,UKIP,leejseville
UKIP,Lee Waters,FALSE,GEDLING,260,UKIP,LeeWatersUKIP
C,Leo Docherty,FALSE,ALDERSHOT,7,Conservatives,LeoDochertyUK
LD,Leon Duveen,FALSE,BASSETLAW,35,LibDem,LeonDuveen
Lab,Lesley Brennan,FALSE,DUNDEE EAST,211,Labour,lesleybzz
LD,Lesley Prosser,FALSE,CARMARTHEN EAST & DINEFWR,131,LibDem,prossertj
UKIP,Lewis Thompson,FALSE,"NORMANTON, PONTEFRACT & CASTLEFORD",426,UKIP,lewisthomp_93
C,Lia Nici-Townend,FALSE,HULL NORTH,324,Conservatives,LiaNiciTownend
Ind,Liam Byrne,FALSE,BURY ST EDMUNDS,113,NA,LiamByrneMP
Lab,Liam Byrne,TRUE,BIRMINGHAM HODGE HILL,60,Labour,LiamByrneMP
Lab,Liam Preston,FALSE,EPPING FOREST,239,Labour,lbpreston
Lab,Lilian Greenwood,TRUE,NOTTINGHAM SOUTH,434,Labour,LilianGreenwood
Lab,Lindsay Hoyle,TRUE,CHORLEY,149,Labour,LindsayHoyle_MP
C,Lindsey Hall,FALSE,WESTMINSTER NORTH,615,Conservatives,Lindsey4WNorth
LD,Lisa French,FALSE,BEDFORDSHIRE MID,42,LibDem,lm_french
Lab,Lisa Nandy,TRUE,WIGAN,618,Labour,lisanandy
LD,Lisa Smart,FALSE,HAZEL GROVE,301,LibDem,lisa_smart
Lab,Liz Kendall,TRUE,LEICESTER WEST,358,Labour,leicesterliz
LD,Liz Leffman,FALSE,WITNEY,627,LibDem,lizleffman
Lab,Liz McInnes,TRUE,HEYWOOD & MIDDLETON,313,Labour,LizMcInnes2017
PC,Liz Roberts,TRUE,DWYFOR MEIRIONNYDD,217,Plaid Cymru,LSRPlaid
Lab,Liz Savage,FALSE,SOUTHPORT,526,Labour,LizSavagelabour
Lab,Lloyd Russell-Moyle,FALSE,BRIGHTON KEMPTOWN,97,Labour,lloyd_rm
Lab,Lola McEvoy,FALSE,PENRITH & THE BORDER,449,Labour,Lola__McEvoy
Green,Lorna Slater,FALSE,EDINBURGH NORTH & LEITH,229,Green,lornagreens
Green,Lorraine Francis,FALSE,BRISTOL EAST,99,Green,bristoleastgrn
LD,Lorraine Johnson,FALSE,DERBYSHIRE SOUTH,186,LibDem,lorrainejohnson
Green,Louis Stephen,FALSE,WORCESTER,633,Green,LouisStephen
Lab,Louise Ellman,TRUE,LIVERPOOL RIVERSIDE,370,Labour,LouiseEllman
Lab,Louise Haigh,TRUE,SHEFFIELD HEELEY,506,Labour,LouHaigh
LD,Louise Rowntree,FALSE,CHELSEA & FULHAM,140,LibDem,Louise_Rowntree
Lab,Luciana Berger,TRUE,LIVERPOOL WAVERTREE,372,Labour,lucianaberger
C,Lucy Allan,TRUE,TELFORD,565,Conservatives,lucyallan
LD,Lucy Care,FALSE,DERBY NORTH,181,LibDem,lucycare
LD,Lucy Hurds,FALSE,HEREFORD & HEREFORDSHIRE SOUTH,306,LibDem,herefordlibdems
LD,Lucy Nethsingha,FALSE,CAMBRIDGESHIRE SOUTH EAST,123,LibDem,LNethsingha
Lab,Lucy Powell,TRUE,MANCHESTER CENTRAL,387,Labour,LucyMPowell
LD,Lucy Salek,FALSE,SOUTHEND WEST,525,LibDem,lucyvsalek
Lab,Luke Charters-Reid,FALSE,YORK OUTER,649,Labour,lukejcr
C,Luke Graham,FALSE,OCHIL & PERTHSHIRE SOUTH,436,Conservatives,LGrahamOSP2015
C,Luke Hall,TRUE,THORNBURY & YATE,570,Conservatives,lukehallmp
C,Luke Hall,TRUE,THORNBURY & YATE,570,Conservatives,lukehall
Lab,Luke Pollard,FALSE,PLYMOUTH SUTTON & DEVONPORT,453,Labour,LukePollard
Lab,Lyn Brown,TRUE,WEST HAM,614,Labour,lynbrownmp
LD,Lynne Beaumont,FALSE,FOLKESTONE & HYTHE,253,LibDem,lynnebeaumont
Lab,Madeleine Moon,TRUE,BRIDGEND,94,Labour,MadeleineMoon
SF,Mairead O'Donnell,FALSE,BELFAST EAST,45,Sinn Fein,cllrmairead
SNP,Mairi McAllan,FALSE,"DUMFRIESSHIRE, CLYDESDALE & TWEEDDALE",208,SNP,MairiMcAllan
SF,Mairtin O Muilleoir,FALSE,BELFAST SOUTH,47,Sinn Fein,newbelfast
SDLP,Malachy Quinn,FALSE,ULSTER MID,585,SDLP,malachyquinn
Lab,Malcolm Fincken,FALSE,BRAINTREE,88,Labour,malcolmfincken
Lab,Mandy Garford,FALSE,GRAVESHAM,275,Labour,MandyJGrace
Lab,Mandy Telford,FALSE,EDINBURGH WEST,232,Labour,mandytelford
Lab,Manjinder Kang,FALSE,TEWKESBURY,566,Labour,Kang4Labour
Lab,Manjinder Kang,FALSE,TEWKESBURY,566,Labour,ManjinderKang87
Lab,Marc Green,FALSE,MOLE VALLEY,400,Labour,MoleValleyLab
Green,Marc Scheimann,FALSE,LUTON SOUTH,381,Green,marcinbeds
C,Marcus Fysh,TRUE,YEOVIL,646,Conservatives,MarcusFysh
C,Marcus Jones,TRUE,NUNEATON,435,Conservatives,Marcus4Nuneaton
LD,Marcus Kravis,FALSE,BRIDGWATER & SOMERSET WEST,95,LibDem,MarcusKravis
SNP,Margaret Ferrier,TRUE,RUTHERGLEN & HAMILTON WEST,487,SNP,MargaretFerrier
Lab,Margaret Greenwood,TRUE,WIRRAL WEST,625,Labour,MGreenwoodWW
SDLP,Margaret McKillop,FALSE,ANTRIM EAST,13,SDLP,a_margaretanne
SDLP,Margaret Ritchie,TRUE,DOWN SOUTH,203,SDLP,MRitchieMP
C,Margot James,TRUE,STOURBRIDGE,541,Conservatives,margot4stour
PC,Mari Arthur,FALSE,LLANELLI,375,Plaid Cymru,MariArthur
PC,Mari Arthur,FALSE,LLANELLI,375,Plaid Cymru,PlaidLlanelli
C,Maria Caulfield,TRUE,LEWES,362,Conservatives,mariacaulfield
Lab,Maria Eagle,TRUE,GARSTON & HALEWOOD,258,Labour,meaglemp
Lab,Marie Rimmer,TRUE,ST HELENS SOUTH & WHISTON,493,Labour,MarieRimmer
Lab,Marie Tidball,FALSE,OXFORD WEST & ABINGDON,444,Labour,MarieTidball
UKIP,Marietta King,FALSE,GRANTHAM & STAMFORD,274,UKIP,UKIPGrantham
Lab,Marina Ahmad,FALSE,BECKENHAM,40,Labour,labourmarina
SNP,Marion Fellows,TRUE,MOTHERWELL & WISHAW,406,SNP,marionfellows
UKIP,Mark Anderson,FALSE,HERTFORDSHIRE SOUTH WEST,310,UKIP,ANDERSONUKIP
LD,Mark Argent,FALSE,HERTFORD & STORTFORD,308,LibDem,markargentlibde
LD,Mark Blackburn,FALSE,SOMERTON & FROME,519,LibDem,markblackburn
Green,Mark Bray-Parry,FALSE,GUILDFORD,279,Green,brayparry
Green,Mark Bray-Parry,FALSE,GUILDFORD,279,Green,mark__bray
Lab,Mark Cann,FALSE,DEVON NORTH,190,Labour,markcann
Lab,Mark Daniels,FALSE,RAYLEIGH & WICKFORD,463,Labour,marky_daniels
Lab,Mark Dempsey,FALSE,SWINDON NORTH,560,Labour,dempsey4labour
SDLP,Mark Durkan,TRUE,FOYLE,255,SDLP,markdurkan
Lab,Mark Farwell,FALSE,CHICHESTER,145,Labour,ChiLabour_15
C,Mark Field,TRUE,CITIES OF LONDON & WESTMINSTER,151,Conservatives,MarkFieldUK
C,Mark Garnier,TRUE,WYRE FOREST,644,Conservatives,Mark4WyreForest
UUP,Mark Glasgow,FALSE,ULSTER MID,585,Ulster Unionist,_markglasgow
Green,Mark Goacher,FALSE,COLCHESTER,157,Green,MarkGoacher
Green,Mark Green,FALSE,EDDISBURY,227,Green,markalangreen
Green,Mark Green,FALSE,EDDISBURY,227,Green,drmarkgreen4tn
C,Mark Harper,TRUE,FOREST OF DEAN,254,Conservatives,Mark_J_Harper
Lab,Mark Hendrick,TRUE,PRESTON,460,Labour,MpHendrick
PC,Mark Hooper,FALSE,CARDIFF CENTRAL,126,Plaid Cymru,markjhooper
PC,Mark Hooper,FALSE,CARDIFF CENTRAL,126,Plaid Cymru,votemarkjhooper
LD,Mark Hunter,FALSE,CHEADLE,138,LibDem,markhunter
C,Mark Lancaster,TRUE,MILTON KEYNES NORTH,397,Conservatives,MarkLancasterMK
C,Mark Menzies,TRUE,FYLDE,256,Conservatives,fyldeca
C,Mark Pawsey,TRUE,RUGBY,483,Conservatives,MarkPawsey
C,Mark Prisk,TRUE,HERTFORD & STORTFORD,308,Conservatives,PriskMark
C,Mark Pritchard,TRUE,"WREKIN, THE",640,Conservatives,MPritchardUK
Lab,Mark Sewards,FALSE,HARROGATE & KNARESBOROUGH,293,Labour,markjsewards
C,Mark Spencer,TRUE,SHERWOOD,508,Conservatives,Mark_Spencer
Lab,Mark Tami,TRUE,ALYN & DEESIDE,10,Labour,MarkTamiMP
LD,Mark Williams,TRUE,CEREDIGION,135,LibDem,mark4ceredigion
LD,Marko Scepanovic,FALSE,CRAWLEY,168,LibDem,MarkoScepy
Lab,Marsha De Cordova,FALSE,BATTERSEA,38,Labour,Marshadecordova
Green,Marten Kats,FALSE,DERBYSHIRE SOUTH,186,Green,MartenKats
Green,Martie Warin,FALSE,EASINGTON,221,Green,martie_warin
SNP,Martin Docherty,TRUE,DUNBARTONSHIRE WEST,210,SNP,MartinJDocherty
LD,Martin Horwood,FALSE,CHELTENHAM,141,LibDem,MartinChelt
SDLP,Martin McAuley,FALSE,BELFAST NORTH,46,SDLP,MartinMcAuley
Lab,Martin McCluskey,FALSE,INVERCLYDE,330,Labour,martinmccluskey
Lab,Martin Miller,FALSE,CHEADLE,138,Labour,cheadlelabour
LD,Martin Tod,FALSE,MEON VALLEY,391,LibDem,mpntod
LD,Martin Veart,FALSE,EDINBURGH NORTH & LEITH,229,LibDem,martin_veart
C,Martin Vickers,TRUE,CLEETHORPES,153,Conservatives,MartinVickers
Lab,Martin Whitfield,FALSE,EAST LOTHIAN,224,Labour,martwhitfield
Green,Martin Whybrow,FALSE,FOLKESTONE & HYTHE,253,Green,martinwhybrow
SNP,Martyn Day,TRUE,LINLITHGOW & FALKIRK EAST,369,SNP,MartynDaySNP
Lab,Mary Creagh,TRUE,WAKEFIELD,591,Labour,MaryCreaghMP
Lab,Mary Griffiths Clarke,FALSE,ARFON,16,Labour,marygwengriff
C,Mary Robinson,TRUE,CHEADLE,138,Conservatives,MaryRobinson01
C,Matt Hancock,TRUE,SUFFOLK WEST,550,Conservatives,MhancockUK
C,Matt Hartley,FALSE,ELTHAM,236,Conservatives,MattHartley100
Lab,Matt Kerr,FALSE,GLASGOW SOUTH WEST,268,Labour,Cllr_Matt_Kerr
Lab,Matt Rodda,FALSE,READING EAST,464,Labour,MattRodda
C,Matt Warman,TRUE,BOSTON & SKEGNESS,80,Conservatives,mattwarman
C,Matthew Maxwell Scott,FALSE,CARSHALTON & WALLINGTON,133,Conservatives,mmaxwellscott
C,Matthew Offord,TRUE,HENDON,304,Conservatives,Offord4Hendon
Lab,Matthew Pennycook,TRUE,GREENWICH & WOOLWICH,278,Labour,mtpennycook
Lab,Matthew Randall,FALSE,FAREHAM,246,Labour,Randall4Fareham
C,Matthew Robinson,FALSE,LEEDS EAST,352,Conservatives,MrMatt_Robinson
LD,Matthew Severn,FALSE,MORECAMBE & LUNESDALE,404,LibDem,Matt_Severn
LD,Matthew Winnington,FALSE,FAREHAM,246,LibDem,mwinnington
Green,Max Mcloughlin,FALSE,SOLIHULL,516,Green,mrmaxmcloughlin
LD,Max Wilkinson,FALSE,STROUD,546,LibDem,mpmwilko
Green,Meena Hans,FALSE,EALING NORTH,219,Green,meenahansgreen
C,Meera Sonecha,FALSE,LEICESTER SOUTH,357,Conservatives,meera4south
C,Meghan Gallacher,FALSE,MOTHERWELL & WISHAW,406,Conservatives,GallacherMeghan
UKIP,Melanie Hunter-Clarke,FALSE,VALE OF GLAMORGAN,589,UKIP,MJ_HC01
Lab,Melanie Onn,TRUE,GREAT GRIMSBY,276,Labour,OnnMel
LD,Meri O'Connell,FALSE,READING WEST,465,LibDem,merioconnell
SNP,Mhairi Black,TRUE,PAISLEY & RENFREWSHIRE SOUTH,446,SNP,MhairiBlack
PC,Michael Deem,FALSE,CARDIFF WEST,129,Plaid Cymru,MichaelDeemPC
Lab,Michael Desmond,FALSE,FAVERSHAM & KENT MID,247,Labour,dezairedale
C,Michael Ellis,TRUE,NORTHAMPTON NORTH,427,Conservatives,Michael_Ellis1
C,Michael Fabricant,TRUE,LICHFIELD,367,Conservatives,Mike_Fabricant
UKIP,Michael Gee,FALSE,COVENTRY NORTH WEST,166,UKIP,mgeeukip
Lab,Michael Jefferys,FALSE,SUFFOLK WEST,550,Labour,Cllr_M_Jefferys
UKIP,Michael McGough,FALSE,BRENTWOOD & ONGAR,93,UKIP,mickmcgough
LD,Michael Mullaney,FALSE,BOSWORTH,81,LibDem,miketmullaney
LD,Michael Powell,FALSE,PONTYPRIDD,454,LibDem,CllrMikePowell
LD,Michael Powell,FALSE,PONTYPRIDD,454,LibDem,CllrMikePowell
Lab,Michael Shanks,FALSE,GLASGOW NORTH WEST,266,Labour,mgshanks
UKIP,Michael Swadling,FALSE,CROYDON NORTH,171,UKIP,MikeSwadling
Lab,Michael Thompson,FALSE,BROMSGROVE,105,Labour,mthompson_dr
C,Michael Tomlinson,TRUE,7 DORSET MID & POOLE NORTH,19,Conservatives,Michael4MDNP
C,Michelle Donelan,TRUE,CHIPPENHAM,147,Conservatives,michelledonelan
SF,Michelle Gildernew,FALSE,FERMANAGH & SOUTH TYRONE,249,Sinn Fein,gildernewm
SF,Michelle Gildernew,FALSE,FERMANAGH & SOUTH TYRONE,249,Sinn Fein,fermanaghsf
C,Michelle Lowe,FALSE,COVENTRY SOUTH,167,Conservatives,MichelleLowe14
Lab,Mick Scrimshaw,FALSE,KETTERING,341,Labour,MickScrimshaw
SF,Mickey Brady,TRUE,NEWRY & ARMAGH,419,Sinn Fein,MickeyBradySF
Lab,Mike Amesbury,FALSE,WEAVER VALE,607,Labour,MikeAmesbury
LD,Mike Bell,FALSE,WESTON-SUPER-MARE,617,LibDem,ldmikebell
UKIP,Mike Fitzgerald,FALSE,PORTSMOUTH NORTH,457,UKIP,mike4portsmouth
Lab,Mike Gapes,TRUE,ILFORD SOUTH,329,Labour,MikeGapes
Lab,Mike Hill,FALSE,HARTLEPOOL,296,Labour,hill_mrh
Lab,Mike Kane,TRUE,WYTHENSHAWE & SALE EAST,645,Labour,MikeKaneMP
Lab,Mike Katz,FALSE,HENDON,304,Labour,mikekatz
Green,Mike Lammiman,FALSE,HULL WEST & HESSLE,325,Green,michaellammiman
UUP,Mike Nesbitt,FALSE,STRANGFORD,542,Ulster Unionist,mikenesbittni
Lab,Mike Pringle,FALSE,SHERWOOD,508,Labour,MikePringle7
LD,Mike Ross,FALSE,HULL NORTH,324,LibDem,cllrmikeross
LD,Mike Thornton,FALSE,EASTLEIGH,226,LibDem,Mike4Eastleigh
SNP,Mike Weir,TRUE,ANGUS,12,SNP,mikeweirsnp
C,Mike Wood,TRUE,DUDLEY SOUTH,205,Conservatives,mikejwood
C,Miles Briggs,FALSE,EDINBURGH SOUTH WEST,231,Conservatives,MilesBriggsMSP
Green,Miles Grindey,FALSE,FAREHAM,246,Green,MilesGrindey
C,Mims Davies,TRUE,EASTLEIGH,226,Conservatives,mimsdavies
SNP,Miriam Brett,FALSE,ORKNEY & SHETLAND,441,SNP,MiriamBrett
C,Molly Samuel,FALSE,WALTHAMSTOW,595,Conservatives,molly4wstow
Green,Monica Cassidy,FALSE,GOSPORT,272,Green,monicacassidyuk
Lab,Monique McAdams,FALSE,"EAST KILBRIDE, STRATHAVEN & LESMAHAGOW",223,Labour,monique2017ge
Green,Morris Findley,FALSE,SHERWOOD,508,Green,morrisfindley
LD,Morwen Millson,FALSE,HORSHAM,319,LibDem,MorwenMillson
C,Nadhim Zahawi,TRUE,STRATFORD-ON-AVON,543,Conservatives,nadhimzahawi
C,Nadine Dorries,TRUE,BEDFORDSHIRE MID,42,Conservatives,NadineDorries
Lab,Nairn McDonald,FALSE,AYRSHIRE CENTRAL,24,Labour,NairnMcD
Green,Natalie Bennett,FALSE,SHEFFIELD CENTRAL,504,Green,natalieben
Green,Natalie McVey,FALSE,WORCESTERSHIRE WEST,635,Green,nmcgreenparty
Lab,Natasha Millward,FALSE,DUDLEY SOUTH,205,Labour,natashamillward
Green,Nate Higgins,FALSE,LANCASHIRE WEST,349,Green,politicallynate
UKIP,Nathan Ryding,FALSE,WIGAN,618,UKIP,Nathan_Rydings
Lab,Navin Shah,FALSE,HARROW EAST,294,Labour,navinshah2016
Lab,Naz Shah,TRUE,BRADFORD WEST,87,Labour,NazShahBfd
C,Neil Carmichael,TRUE,STROUD,546,Conservatives,stroud_neil
Lab,Neil Coyle,TRUE,BERMONDSEY & OLD SOUTHWARK,49,Labour,coyleneil
Lab,Neil Dawson,FALSE,MORLEY & OUTWOOD,405,Labour,MorleyNeil
SNP,Neil Gray,TRUE,AIRDRIE & SHOTTS,6,SNP,NeilGrayMP
LD,Neil Lewis,FALSE,BROMSGROVE,105,LibDem,Neil_Lewis
UKIP,Neil Miney,FALSE,KNOWSLEY,346,UKIP,NeilMiney
C,Neil O'Brien,FALSE,HARBOROUGH,291,Conservatives,neildotobrien
C,Neil Parish,TRUE,TIVERTON & HONITON,572,Conservatives,neil_parish
Lab,Nia Griffith,TRUE,LLANELLI,375,Labour,NiaGriffithMP
LD,Niall Hodson,FALSE,SUNDERLAND CENTRAL,551,LibDem,NiallHodson
Lab,Nic Dakin,TRUE,SCUNTHORPE,498,Labour,NicDakin4MP
LD,Nicholas Da Costa,FALSE,ENFIELD NORTH,237,LibDem,nick_dacosta
LD,Nicholas Perry,FALSE,HASTINGS & RYE,298,LibDem,nickperrylibdem
C,Nicholas Soames,TRUE,SUSSEX MID,555,Conservatives,NSoames
LD,Nick Belfitt,FALSE,ISLE OF WIGHT,333,LibDem,NBelfitt
C,Nick Boles,TRUE,GRANTHAM & STAMFORD,274,Conservatives,NickBoles
LD,Nick Clegg,TRUE,SHEFFIELD HALLAM,505,LibDem,nick_clegg
LD,Nick Cott,FALSE,NEWCASTLE UPON TYNE CENTRAL,414,LibDem,cott_nick
C,Nick De Bois,FALSE,ENFIELD NORTH,237,Conservatives,nickdebois
C,Nick Gibb,TRUE,BOGNOR REGIS & LITTLEHAMPTON,74,Conservatives,NickGibbUK
LD,Nick Harvey,FALSE,DEVON NORTH,190,LibDem,NickHarveyND
C,Nick Herbert,TRUE,ARUNDEL & SOUTH DOWNS,18,Conservatives,nickherbertmp
C,Nick Hurd,TRUE,"RUISLIP, NORTHWOOD & PINNER",484,Conservatives,NickHurdUK
Lab,Nick Smith,TRUE,BLAENAU GWENT,71,Labour,BlaenauGwentMP
UKIP,Nick Smith,FALSE,LINCOLN,368,UKIP,BlaenauGwentMP
Lab,Nick Thomas-Symonds,TRUE,TORFAEN,576,Labour,NickTorfaenMP
C,Nicky Morgan,TRUE,LOUGHBOROUGH,377,Conservatives,NickyMorgan01
C,Nicola Blackwood,TRUE,OXFORD WEST & ABINGDON,444,Conservatives,nicolablackwood
C,Nicola Wilson,FALSE,PENISTONE & STOCKSBRIDGE,448,Conservatives,nicolafwilson
C,Nigel Adams,TRUE,SELBY & AINSTY,501,Conservatives,selbyandainsty
C,Nigel Adams,TRUE,SELBY & AINSTY,501,Conservatives,H_NAdams
UKIP,Nigel Carter,FALSE,CHELMSFORD,139,UKIP,NigelCarterUKIP
DUP,Nigel Dodds,TRUE,BELFAST NORTH,46,Democratic Unionist,NigelDoddsDUP
C,Nigel Huddleston,TRUE,WORCESTERSHIRE MID,634,Conservatives,HuddlestonNigel
C,Nigel Mills,TRUE,AMBER VALLEY,11,Conservatives,nigelmills
UKIP,Nigel Sussman,FALSE,EDMONTON,233,UKIP,NigelSussman4MP
UKIP,Nigel Wickens,FALSE,NORTHAMPTONSHIRE SOUTH,429,UKIP,NigelWickens
UKIP,Noel Matthews,FALSE,BLACKPOOL SOUTH,70,UKIP,uknoel
LD,Norman Lamb,TRUE,NORFOLK NORTH,422,LibDem,normanlamb
C,Nus Ghani,TRUE,WEALDEN,606,Conservatives,Nus_Ghani
LD,Oli Henman,FALSE,WORTHING EAST & SHOREHAM,638,LibDem,OliHenman
C,Oliver Colvile,TRUE,PLYMOUTH SUTTON & DEVONPORT,453,Conservatives,olivercolvile
C,Oliver Letwin,TRUE,DORSET WEST,200,Conservatives,oletwinofficial
SF,Oliver McMullan,FALSE,ANTRIM EAST,13,Sinn Fein,OliverMcMullan
Lab,Olivia Bailey,FALSE,READING WEST,465,Labour,livbailey
LD,Ollie Purkiss,FALSE,SURREY SOUTH WEST,554,LibDem,OlliePurkiss
C,Owen Meredith,FALSE,NEWCASTLE-UNDER-LYME,413,Conservatives,owenlmeredith
C,Owen Paterson,TRUE,SHROPSHIRE NORTH,511,Conservatives,OwenPaterson
Lab,Owen Smith,TRUE,PONTYPRIDD,454,Labour,OwenSmith_MP
LD,Owen Temple,FALSE,DURHAM NORTH WEST,216,LibDem,OwenTemple2
LD,Owen Temple,FALSE,DURHAM NORTH WEST,216,LibDem,owentemple2
SNP,Owen Thompson,TRUE,MIDLOTHIAN,396,SNP,OwenThompson
Lab,Pam Duncan-Glancy,FALSE,GLASGOW NORTH,264,Labour,PamDuncanUK
C,Pamela Hall,FALSE,LIVERPOOL RIVERSIDE,370,Conservatives,pamelachester
SDLP,Pat Catney,FALSE,LAGAN VALLEY,347,SDLP,PatCatney
Green,Pat McCarthy,FALSE,"WREKIN, THE",640,Green,patmccarthypat
Lab,Pat McDonald,FALSE,MAIDENHEAD,383,Labour,Maidenheadlab
Lab,Pat McFadden,TRUE,WOLVERHAMPTON SOUTH EAST,631,Labour,patmcfaddenmp
SNP,Patricia Gibson,TRUE,AYRSHIRE NORTH & ARRAN,25,SNP,PGibsonSNP
Lab,Patrick Canavan,FALSE,CHRISTCHURCH,150,Labour,Patsindorset
Green,Patrick Cox,FALSE,BIRMINGHAM HALL GREEN,59,Green,_Peacocks_
SNP,Patrick Grady,TRUE,GLASGOW NORTH,264,SNP,GradySNP
Green,Patrick Harvie,FALSE,GLASGOW NORTH,264,Green,patrickharvie
UKIP,Patrick Lowe,FALSE,BOGNOR REGIS & LITTLEHAMPTON,74,UKIP,patrickloweukip
C,Patrick McLoughlin,TRUE,DERBYSHIRE DALES,183,Conservatives,Patrick4Dales
UKIP,Patrick O'Flynn,FALSE,EPPING FOREST,239,UKIP,oflynnmep
Lab,Paul Bidwell,FALSE,BRACKNELL,84,Labour,BracknellLabour
Lab,Paul Blomfield,TRUE,SHEFFIELD CENTRAL,504,Labour,PaulBlomfieldMP
UKIP,Paul Bullen,FALSE,HUNTINGDON,326,UKIP,pbullenUKIP
LD,Paul Childs,FALSE,WALLASEY,592,LibDem,pchilds80
Green,Paul De Hoest,FALSE,HERTFORDSHIRE SOUTH WEST,310,Green,pdehoest
LD,Paul Edgeworth,FALSE,HOUGHTON & SUNDERLAND SOUTH,320,LibDem,PaulEdgeworth
Green,Paul Field,FALSE,NEWBURY,412,Green,greenpaulfield
Lab,Paul Flynn,TRUE,NEWPORT WEST,418,Labour,PaulFlynnMP
DUP,Paul Girvan,FALSE,ANTRIM SOUTH,15,Democratic Unionist,paulgivan
LD,Paul Gray,FALSE,HAVANT,299,LibDem,paulgraylocal
UKIP,Paul Hickling,FALSE,WORCESTER,633,UKIP,hickling_paul1
C,Paul Holmes,FALSE,SOUTHAMPTON TEST,524,Conservatives,pauljholmes
Green,Paul Jeater,FALSE,BRENTWOOD & ONGAR,93,Green,EssexWomble
LD,Paul Kennedy,FALSE,MOLE VALLEY,400,LibDem,PaulKenLD
SF,Paul Maskey,TRUE,BELFAST WEST,48,Sinn Fein,PaulMaskeyMP
C,Paul Masterton,FALSE,RENFREWSHIRE EAST,469,Conservatives,EastRenTories
C,Paul Maynard,TRUE,BLACKPOOL NORTH & CLEVELEYS,69,Conservatives,PaulMaynardUK
SNP,Paul Monaghan,TRUE,"CAITHNESS, SUTHERLAND & EASTER ROSS",115,SNP,_PaulMonaghan
UKIP,Paul Nuttall,FALSE,BOSTON & SKEGNESS,80,UKIP,paulnuttallukip
UKIP,Paul Oakley,FALSE,CLACTON,152,UKIP,pauljamesoakley
LD,Paul Ray,FALSE,LICHFIELD,367,LibDem,PaulRay111
Lab,Paul Raybould,FALSE,TORBAY,575,Labour,gmbpaul
UKIP,Paul Rogan,FALSE,CALDER VALLEY,116,UKIP,rastrickcrusade
C,Paul Scully,TRUE,SUTTON & CHEAM,556,Conservatives,scullyp
Lab,Paul Sweeney,FALSE,GLASGOW NORTH EAST,265,Labour,PaulJSweeney
Lab,Paul Williams,FALSE,STOCKTON SOUTH,536,Labour,paulwms
Green,Paul Woodhead,FALSE,CANNOCK CHASE,124,Green,paulewoodhead
Lab,Paula Sherriff,TRUE,DEWSBURY,193,Labour,paulasherriff
C,Pauline Jorgensen,FALSE,MERTHYR TYDFIL & RHYMNEY,393,Conservatives,CllrPauline
C,Pauline Latham,TRUE,DERBYSHIRE MID,184,Conservatives,Pauline_Latham
LD,Pauline Pearce,FALSE,BARKING,28,LibDem,ladyphackney
C,Penny Mordaunt,TRUE,PORTSMOUTH NORTH,457,Conservatives,PennyMordaunt
Lab,Pete Lowe,FALSE,STOURBRIDGE,541,Labour,cllrpete
UKIP,Pete Muswell,FALSE,ISLINGTON SOUTH & FINSBURY,335,UKIP,PeteMuswell
SNP,Pete Wishart,TRUE,PERTH & PERTHSHIRE NORTH,450,SNP,PeteWishart
C,Peter Aldous,TRUE,WAVENEY,605,Conservatives,peter_aldous
C,Peter Anthony,FALSE,BLACKPOOL SOUTH,70,Conservatives,peterfor2017
C,Peter Bone,TRUE,WELLINGBOROUGH,608,Conservatives,PeterBoneUK
C,Peter Bottomley,TRUE,WORTHING WEST,639,Conservatives,PBottomleyMP
Green,Peter Caton,FALSE,HORNCHURCH & UPMINSTER,317,Green,petercatonbooks
C,Peter Cuthbertson,FALSE,DARLINGTON,176,Conservatives,pmcuthbertson
Lab,Peter Dowd,TRUE,BOOTLE,79,Labour,Peter_Dowd
Lab,Peter Edwards,FALSE,MALDON,386,Labour,EdwardsEconomy
C,Peter Fortune,FALSE,LEWISHAM EAST,364,Conservatives,PeterTFortune
SNP,Peter Grant,TRUE,GLENROTHES,269,SNP,PeterGrantMP
UKIP,Peter Harris,FALSE,DAGENHAM & RAINHAM,175,UKIP,peterjharris66
C,Peter Heaton-Jones,TRUE,DEVON NORTH,190,Conservatives,PeterNorthDevon
LD,Peter Hirst,FALSE,CONGLETON,159,LibDem,peterhirst9
LD,Peter Hirst,FALSE,CONGLETON,159,LibDem,peterhirst6
Lab,Peter Keith,FALSE,CLEETHORPES,153,Labour,MrPeterKeith
Lab,Peter Kyle,TRUE,HOVE,321,Labour,peterkyle
UKIP,Peter Mcilvenna,FALSE,EALING NORTH,219,UKIP,petermcilvenna
Lab,Peter Smith,FALSE,NORFOLK SOUTH WEST,425,Labour,socialistsmithy
UKIP,Peter Staveley,FALSE,CROYDON CENTRAL,170,UKIP,PStaveleyUKIP
LD,Peter Thornton,FALSE,CARLISLE,130,LibDem,PeterThornton10
Green,Peter Underwood,FALSE,CROYDON NORTH,171,Green,GreenPeterU
Green,Phelim Mac Cafferty,FALSE,HOVE,321,Green,phelimmac
Lab,Phil Barlow,FALSE,WITHAM,626,Labour,BWLabour
SNP,Phil Boswell,TRUE,"COATBRIDGE, CHRYSTON & BELLSHILL",156,SNP,PhilBoswellSNP
UKIP,Phil Eckersley,FALSE,MANCHESTER GORTON,388,UKIP,phileckersley
LD,Phil Hutty,FALSE,CORNWALL SOUTH EAST,163,LibDem,philhutty
Lab,Phil Waite,FALSE,HARLOW,292,Labour,philwaite68
C,Philip Davies,TRUE,SHIPLEY,509,Conservatives,PhilipDaviesUK
C,Philip Dunne,TRUE,LUDLOW,379,Conservatives,Dunne4Ludlow
C,Philip Hammond,TRUE,RUNNYMEDE & WEYBRIDGE,485,Conservatives,PhilipHammondUK
Lab,Philippa Davey,FALSE,DEVON SOUTH WEST,191,Labour,philippadavey
UKIP,Phillip Broughton,FALSE,HARTLEPOOL,296,UKIP,Phil_Broughton
C,Phillip Lee,TRUE,BRACKNELL,84,Conservatives,DrPhillipLeeMP
UKIP,Piers Wauchope,FALSE,DOVER,201,UKIP,piersukip
C,Priti Patel,TRUE,WITHAM,626,Conservatives,patel4witham
Lab,Rachael Maskell,FALSE,YORK CENTRAL,648,Labour,RachaelMaskell
Lab,Rachel Eden,FALSE,WANTAGE,597,Labour,racheleden
Lab,Rachel Reeves,TRUE,LEEDS WEST,355,Labour,RachelReevesMP
C,Rahoul Bhansali,FALSE,BRENT CENTRAL,90,Conservatives,RahoulBhansali
C,Ranil Jayawardena,TRUE,HAMPSHIRE NORTH EAST,288,Conservatives,TellRanil
Lab,Raushan Ara,FALSE,THANET SOUTH,568,Labour,ThanetLab
LD,Rebecca Bell,FALSE,GLENROTHES,269,LibDem,bellrebeccabell
Lab,Rebecca Blake,FALSE,REDDITCH,467,Labour,RebeccaBlake31
LD,Rebecca Forrest,FALSE,BOLTON WEST,78,LibDem,becky4boltonw
Lab,Rebecca Geach,FALSE,SPELTHORNE,527,Labour,RebeccaGeach
LD,Rebecca Hanson,FALSE,COPELAND,160,LibDem,hanson4copeland
C,Rebecca Harris,TRUE,CASTLE POINT,134,Conservatives,RebeccaHarrisMP
Green,Rebecca Johnson,FALSE,HACKNEY SOUTH & SHOREDITCH,281,Green,GreenRebJohnson
Lab,Rebecca Long-Bailey,TRUE,SALFORD & ECCLES,495,Labour,RLong_Bailey
Lab,Rebecca Lury,FALSE,"RUISLIP, NORTHWOOD & PINNER",484,Labour,rebeccalury
LD,Rebecca Plenderleith,FALSE,DUNBARTONSHIRE WEST,210,LibDem,R_Plenderleith
C,Rebecca Pow,TRUE,TAUNTON DEANE,564,Conservatives,pow_rebecca
UKIP,Redvers Cunningham,FALSE,SPELTHORNE,527,UKIP,UKIPRedvers
C,Reena Ranger,FALSE,BIRMINGHAM HALL GREEN,59,Conservatives,RamiRanger
C,Reena Ranger,FALSE,BIRMINGHAM HALL GREEN,59,Conservatives,Reena_Ranger
C,Rehman Chishti,TRUE,GILLINGHAM & RAINHAM,261,Conservatives,Rehman_Chishti
C,Resham Kotecha,FALSE,COVENTRY NORTH WEST,166,Conservatives,reshamkotecha
Lab,Rhea Wolfson,FALSE,LIVINGSTON,374,Labour,rheawolfson
Lab,Rhiannon Meades,FALSE,BEDFORDSHIRE MID,42,Labour,Meades4MidBeds
SNP,Richard Arkless,TRUE,7 DUMFRIES & GALLOWAY,20,SNP,ArklessRichard
C,Richard Benyon,TRUE,NEWBURY,412,Conservatives,RichardBenyonMP
UKIP,Richard Bingley,FALSE,BRAINTREE,88,UKIP,bingleyr
Lab,Richard Burden,TRUE,BIRMINGHAM NORTHFIELD,62,Labour,RichardBurdenMP
Lab,Richard Burgon,TRUE,LEEDS EAST,352,Labour,RichardBurgon
LD,Richard Davis,FALSE,BATTERSEA,38,LibDem,DrDickyD
LD,Richard Dickson,FALSE,KENILWORTH & SOUTHAM,339,LibDem,richdick
LD,Richard Flowers,FALSE,MACCLESFIELD,382,LibDem,richarddflowers
C,Richard Graham,TRUE,GLOUCESTER,270,Conservatives,RichardGrahamUK
C,Richard Harrington,TRUE,WATFORD,604,Conservatives,Richard4Watford
UKIP,Richard Hilton,FALSE,MITCHAM & MORDEN,399,UKIP,RichardHilton1
UUP,Richard Holmes,FALSE,LONDONDERRY EAST,376,Ulster Unionist,RichardJHolmes
LD,Richard Kemp,FALSE,LIVERPOOL WAVERTREE,372,LibDem,cllrkemp
Green,Ricky Knight,FALSE,DEVON NORTH,190,Green,greenknight49
Lab,Rob Flello,TRUE,STOKE-ON-TRENT SOUTH,539,Labour,RobFlelloMP
Lab,Rob Pocock,FALSE,SUTTON COLDFIELD,557,Labour,RobPocock1
Green,Rob Reeves,FALSE,KETTERING,341,Green,robjimreeves
C,Rob Wilson,TRUE,READING EAST,464,Conservatives,RobWilson_RDG
UUP,Robbie Butler,FALSE,LAGAN VALLEY,347,Ulster Unionist,t3robbie
C,Robert Buckland,TRUE,SWINDON SOUTH,561,Conservatives,RobertBuckland
C,Robert Courts,TRUE,WITNEY,627,Conservatives,robertcourts
C,Robert Halfon,TRUE,HARLOW,292,Conservatives,Halfon4Harlow
C,Robert Jenrick,TRUE,NEWARK,411,Conservatives,RobertJenrick
Green,Robert Lindsay,FALSE,SUFFOLK SOUTH,549,Green,robjlinds
LD,Robert Lockwood,FALSE,SCARBOROUGH & WHITBY,497,LibDem,ScarboroCouncil
C,Robert Oliver,FALSE,SUNDERLAND CENTRAL,551,Conservatives,robert_g_oliver
Green,Robert Pass,FALSE,LICHFIELD,367,Green,rob_pass_green
Lab,Robert Pearson,FALSE,DERBYSHIRE SOUTH,186,Labour,RobPearson_1
LD,Robert Swift,FALSE,GEDLING,260,LibDem,RobertSwiftLD
C,Robert Syms,TRUE,POOLE,455,Conservatives,RobertSyms
Lab,Roberta Blackman-Woods,TRUE,"DURHAM, CITY OF",214,Labour,robertabwmp
UKIP,Robin Hunter-Clarke,FALSE,PONTYPRIDD,454,UKIP,RobinJHC1
Lab,Robin Moss,FALSE,SOMERSET NORTH EAST,518,Labour,RobinMossforNES
C,Robin Walker,TRUE,WORCESTER,633,Conservatives,WalkerWorcester
Lab,Rocky Gill,FALSE,HORNCHURCH & UPMINSTER,317,Labour,CllrRockyGill
Lab,Roger Godsiff,TRUE,BIRMINGHAM HALL GREEN,59,Labour,RogerGodsiff
LD,Roger Harmer,FALSE,BIRMINGHAM NORTHFIELD,62,LibDem,rogerbhx
UKIP,Roger Helmer,FALSE,LEICESTERSHIRE SOUTH,360,UKIP,RogerHelmerMEP
SDLP,Roisin Lynch,FALSE,ANTRIM SOUTH,15,SDLP,roisinlynchsdlp
Lab,Ronnie Campbell,TRUE,BLYTH VALLEY,73,Labour,BVLabour
SNP,Ronnie Cowan,TRUE,INVERCLYDE,330,SNP,ronniecowan
C,Rory Stewart,TRUE,PENRITH & THE BORDER,449,Conservatives,RoryStewartUK
Lab,Rosalind Garton,FALSE,FIFE NORTH EAST,250,Labour,rosalindgarton
Lab,Rosalind Scott,FALSE,HARWICH & ESSEX NORTH,297,Labour,jrosalindscott
Green,Rosemary Warrington,FALSE,ILFORD SOUTH,329,Green,rosemarywa
Lab,Rosie Cooper,TRUE,LANCASHIRE WEST,349,Labour,rosie4westlancs
Lab,Rosie Duffield,FALSE,CANTERBURY,125,Labour,rosieduffield1
LD,Rosina Robson,FALSE,UXBRIDGE & RUISLIP SOUTH,587,LibDem,RosinaRobson
LD,Ross Pepper,FALSE,SLEAFORD & NORTH HYKEHAM,514,LibDem,RossDPepper
LD,Ross Shipman,FALSE,BOLSOVER,75,LibDem,RossShippy
C,Ross Thomson,FALSE,ABERDEEN SOUTH,4,Conservatives,rossthomsonmsp
LD,Roy Horobin,FALSE,CLEETHORPES,153,LibDem,roy_horobin
C,Royston Smith,TRUE,SOUTHAMPTON ITCHEN,523,Conservatives,Royston_Smith
Lab,Rupa Huq,TRUE,EALING CENTRAL & ACTON,218,Labour,RupaHuq
Lab,Rushanara Ali,TRUE,BETHNAL GREEN & BOW,52,Labour,rushanaraali
Lab,Ruth Cadbury,TRUE,BRENTFORD & ISLEWORTH,92,Labour,RuthCadbury
C,Ruth Davis,FALSE,CEREDIGION,135,Conservatives,ruth_r_davis
Lab,Ruth George,FALSE,HIGH PEAK,314,Labour,ruthgeorge6
Lab,Ruth Jones,FALSE,MONMOUTH,401,Labour,ruthjoneswales
Lab,Ruth Smeeth,TRUE,STOKE-ON-TRENT NORTH,538,Labour,RuthSmeeth
LD,Ryan Bate,FALSE,HALTON,285,LibDem,rsbate
LD,Ryan Mercer,FALSE,PUTNEY,462,LibDem,MercerRyanJ
C,Ryan Stephenson,FALSE,LEEDS NORTH EAST,353,Conservatives,Stephenson_Ryan
LD,Ryk Downes,FALSE,SCUNTHORPE,498,LibDem,rykdownes
C,Sadie Vidal,FALSE,ABERAVON,1,Conservatives,sadievidal
C,Sajid Javid,TRUE,BROMSGROVE,105,Conservatives,sajidjavid
Lab,Sally Gathern,FALSE,ASHFORD,20,Labour,sanng7
Lab,Sally Keeble,FALSE,NORTHAMPTON NORTH,427,Labour,Sally_Keeble
Lab,Sam Corcoran,FALSE,CONGLETON,159,Labour,CllrSam
C,Sam Currie,FALSE,LANCASHIRE WEST,349,Conservatives,samuel_p_currie
C,Sam Gyimah,TRUE,SURREY EAST,552,Conservatives,SamGyimah
Lab,Sam Hale,FALSE,STONE,540,Labour,samhale123
UUP,Sam Nicholson,FALSE,NEWRY & ARMAGH,419,Ulster Unionist,stjnicholson
Lab,Sam Rushworth,FALSE,TATTON,563,Labour,SamJRushworth
UKIP,Sam Watts,FALSE,CORBY,161,UKIP,swattsnhants
LD,Sam Webber,FALSE,BROMLEY & CHISLEHURST,104,LibDem,samdwebber
Lab,Samantha Charles,FALSE,WORCESTERSHIRE WEST,635,Labour,votesamanthach
Green,Samantha Pancheri,FALSE,STONE,540,Green,sampancheri
C,Samir Jassal,FALSE,FELTHAM & HESTON,248,Conservatives,samirjassal
DUP,Sammy Wilson,TRUE,ANTRIM EAST,13,Democratic Unionist,eastantrimmp
C,Samuel Kasumu,FALSE,CROYDON NORTH,171,Conservatives,samuelkasumu
Lab,Sandy Martin,FALSE,IPSWICH,332,Labour,sandyofipswich
Lab,Sara Hyde,FALSE,BROMLEY & CHISLEHURST,104,Labour,sarakhyde
LD,Sarah Brown,FALSE,STOCKTON NORTH,535,LibDem,sarahbrown1984
Lab,Sarah Champion,TRUE,ROTHERHAM,482,Labour,SarahChampionMP
Lab,Sarah Church,FALSE,SWINDON SOUTH,561,Labour,Sarah_C_Church
C,Sarah Heald,FALSE,MANCHESTER WITHINGTON,389,Conservatives,sarah_heald
Lab,Sarah Jones,FALSE,CROYDON CENTRAL,170,Labour,LabourSJ
Green,Sarah Lunnon,FALSE,STROUD,546,Green,slunnon1
C,Sarah Newton,TRUE,TRURO & FALMOUTH,579,Conservatives,SNewtonUK
LD,Sarah Olney,TRUE,RICHMOND PARK,473,LibDem,sarahjolney1
UKIP,Sarul-Islam Mohammed,FALSE,CARDIFF CENTRAL,126,UKIP,sarulislam
C,Scott Benton,FALSE,HUDDERSFIELD,322,Conservatives,SL_Benton
Lab,Scott Dickinson,FALSE,BERWICK-UPON-TWEED,50,Labour,ScottDickinson0
Green,Scott Mabbutt,FALSE,NORTHAMPTON SOUTH,428,Green,dob86
C,Scott Mann,TRUE,CORNWALL NORTH,162,Conservatives,scottmannmp
SDLP,Seamas de Faoite,FALSE,BELFAST EAST,45,SDLP,SeamasBelfast
Lab,Sean Kelly-Walsh,FALSE,CHARNWOOD,136,Labour,seankellywalsh
Lab,Sean Woodcock,FALSE,BANBURY,26,Labour,SEANLWOODCOCK
C,Seema Kennedy,TRUE,SOUTH RIBBLE,521,Conservatives,SeemaKennedy
Lab,Seema Malhotra,TRUE,FELTHAM & HESTON,248,Labour,SeemaMalhotra1
Lab,Selina Norgrove,FALSE,BROXBOURNE,106,Labour,NorgroveSelina
Lab,Shabana Mahmood,TRUE,BIRMINGHAM LADYWOOD,61,Labour,ShabanaMahmood
Lab,Shabbir Aslam,FALSE,LEICESTERSHIRE SOUTH,360,Labour,shabbir4labour
LD,Shaffaq Mohammed,FALSE,SHEFFIELD CENTRAL,504,LibDem,shaffaqmohd
C,Shailesh Vara,TRUE,CAMBRIDGESHIRE NORTH WEST,121,Conservatives,ShaileshVara
Green,Shannon Butterfield,FALSE,BARKING,28,Green,shannon_1976
Lab,Sharon Hodgson,TRUE,WASHINGTON & SUNDERLAND WEST,603,Labour,SharonHodgsonMP
Lab,Sharon Taylor,FALSE,STEVENAGE,532,Labour,sharonstevenage
Green,Shasha Khan,FALSE,CARSHALTON & WALLINGTON,133,Green,greenknight2010
C,Shaun Bailey,FALSE,LEWISHAM WEST & PENGE,365,Conservatives,ShaunBaileyUK
C,Sheila Bodel,FALSE,BELFAST EAST,45,Conservatives,sheilabodel
C,Sheila Low,FALSE,EAST LOTHIAN,224,Conservatives,ELConservatives
C,Sheryll Murray,TRUE,CORNWALL SOUTH EAST,163,Conservatives,sheryllmurray
Green,Shirley Ford,FALSE,SOUTH SHIELDS,522,Green,ShirleyFord15
C,Simon Baynes,FALSE,CLWYD SOUTH,154,Conservatives,baynes_simon
LD,Simon Beard,FALSE,DARTFORD,177,LibDem,Simon_Beard
C,Simon Clarke,FALSE,MIDDLESBROUGH SOUTH & CLEVELAND EAST,395,Conservatives,SimonClarke84
UKIP,Simon Collins,FALSE,TEWKESBURY,566,UKIP,TewkesburyUKIP
Green,Simon Cope,FALSE,DEWSBURY,193,Green,simonjcope
ND,Simon Danczuk,TRUE,ROCHDALE,474,NA,SimonDanczuk
C,Simon Fell,FALSE,BARROW & FURNESS,31,Conservatives,simonfell
C,Simon Hart,TRUE,CARMARTHEN WEST & PEMBROKESHIRE SOUTH,132,Conservatives,Simonhartmp
C,Simon Hoare,TRUE,DORSET NORTH,198,Conservatives,Simon4NDorset
C,Simon Kitchen,FALSE,NEWCASTLE UPON TYNE EAST,415,Conservatives,skitchen82
Lab,Simon Letts,FALSE,SOUTHAMPTON ITCHEN,523,Labour,sotoncityboss
UKIP,Simon Platt,FALSE,PRESTON,460,UKIP,UKIPPreston
Green,Simon Saggers,FALSE,CAMBRIDGESHIRE SOUTH,122,Green,simonsaggers
LD,Simone Reynolds,FALSE,BEXLEYHEATH & CRAYFORD,55,LibDem,simrey14
Lab,Siobhain McDonagh,TRUE,MITCHAM & MORDEN,399,Labour,siobhain_mp
C,Siobhan Baillie,FALSE,BERMONDSEY & OLD SOUTHWARK,49,Conservatives,Siobhan_Baillie
LD,Sir Bob Russell,FALSE,COLCHESTER,157,LibDem,bob4colchester
LD,Sir Ed Davey,FALSE,KINGSTON & SURBITON,343,LibDem,EdwardJDavey
Lab,Sir Kevin Barron,TRUE,ROTHER VALLEY,481,Labour,KevinBarronMP
LD,Sir Simon Hughes,FALSE,BERMONDSEY & OLD SOUTHWARK,49,LibDem,simonhughes
LD,Sir Vince Cable,FALSE,TWICKENHAM,581,LibDem,vincecable
Lab,Solomon Curtis,FALSE,BRIGHTON PAVILION,98,Labour,Solomon_Curtis
Lab,Sonia Barker,FALSE,WAVENEY,605,Labour,sunrisesonj
Lab,Sophie Johnson,FALSE,NORTHAMPTONSHIRE SOUTH,429,Labour,bigeyedear
C,Sophie Shrubsole,FALSE,BIRMINGHAM SELLY OAK,64,Conservatives,CllrShrubsole
C,Spencer Pitfield,FALSE,CHESTERFIELD,144,Conservatives,SpencerPitfield
UKIP,Star Anderton,FALSE,WEST BROMWICH WEST,613,UKIP,StarAnderton
Lab,Stef Borella,FALSE,BEXLEYHEATH & CRAYFORD,55,Labour,StefBorella
LD,Stefan Krizanac,FALSE,WARRINGTON NORTH,599,LibDem,canazirk
PC,Steffan Webb,FALSE,CARDIFF NORTH,127,Plaid Cymru,plaidystumtaf
Lab,Stella Creasy,TRUE,WALTHAMSTOW,595,Labour,stellacreasy
Lab,Stephanie Peacock,FALSE,BARNSLEY EAST,30,Labour,Steph_Peacock
Lab,Stephen Burke,FALSE,NORFOLK NORTH,422,Labour,stephenbburke
C,Stephen Crabb,TRUE,PRESELI PEMBROKESHIRE,459,Conservatives,SCrabbPembs
LD,Stephen Crosher,FALSE,HOLBORN & ST PANCRAS,316,LibDem,StephenCrosher
C,Stephen Davies,FALSE,LLANELLI,375,Conservatives,Steve__1991
Green,Stephen Davis-Barker,FALSE,VALE OF GLAMORGAN,589,Green,cardiffgreens
Lab,Stephen Doughty,TRUE,CARDIFF SOUTH & PENARTH,128,Labour,SDoughtyMP
SNP,Stephen Gethins,TRUE,FIFE NORTH EAST,250,SNP,StephenGethins
LD,Stephen Gilbert,FALSE,ST AUSTELL & NEWQUAY,491,LibDem,gilbert4stan
C,Stephen Hammond,TRUE,WIMBLEDON,621,Conservatives,S_Hammond
Lab,Stephen Hepburn,TRUE,JARROW,337,Labour,jarrowstevemp
LD,Stephen Kearney,FALSE,WORCESTER,633,LibDem,worcesterlibs
C,Stephen Kerr,FALSE,STIRLING,533,Conservatives,stephenckerr
Lab,Stephen Kinnock,TRUE,ABERAVON,1,Labour,SKinnock
LD,Stephen Lloyd,FALSE,EASTBOURNE,225,LibDem,StephenLloydEBN
C,Stephen McPartland,TRUE,STEVENAGE,532,Conservatives,SMcPartland
C,Stephen Metcalfe,TRUE,BASILDON SOUTH & THURROCK EAST,33,Conservatives,Metcalfe_SBET
Lab,Stephen Morgan,FALSE,PORTSMOUTH SOUTH,458,Labour,sjmorganuk
Lab,Stephen Powers,FALSE,HEXHAM,312,Labour,steasap
LD,Stephen Psallidas,FALSE,SEDGEFIELD,499,LibDem,spsallidas
Lab,Stephen Timms,TRUE,EAST HAM,222,Labour,stephenctimms
Lab,Stephen Twigg,TRUE,LIVERPOOL WEST DERBY,373,Labour,StephenTwigg
LD,Stephen Williams,FALSE,BRISTOL WEST,102,LibDem,swilliamsmp
C,Steve Baker,TRUE,WYCOMBE,642,Conservatives,SteveBakerHW
LD,Steve Beasant,FALSE,GREAT GRIMSBY,276,LibDem,stevebeasant
C,Steve Brine,TRUE,WINCHESTER,622,Conservatives,sbrine
C,Steve Double,TRUE,ST AUSTELL & NEWQUAY,491,Conservatives,stevedouble
LD,Steve Gee,FALSE,EPSOM & EWELL,240,LibDem,epsomlibdem
LD,Steve Guy,FALSE,WYCOMBE,642,LibDem,WycombeLibDems
Lab,Steve McCabe,TRUE,BIRMINGHAM SELLY OAK,64,Labour,steve_mccabe
Lab,Steve Pound,TRUE,EALING NORTH,219,Labour,StevePoundMP
Lab,Steve Reed,TRUE,CROYDON NORTH,171,Labour,SteveReedMP
Green,Steven Agnew,FALSE,DOWN NORTH,202,Green,StevenAgnew
LD,Steven Lambert,FALSE,AYLESBURY,22,LibDem,stevenlambert1
Green,Steven Leyland,FALSE,WANSBECK,596,Green,kingkongsthumb
SNP,Steven Paterson,TRUE,STIRLING,533,SNP,Steven4Stirling
LD,Stewart Golton,FALSE,ELMET & ROTHWELL,235,LibDem,GoltonStewart
SNP,Stewart Hosie,TRUE,DUNDEE EAST,211,SNP,StewartHosieSNP
C,Stewart Jackson,TRUE,PETERBOROUGH,451,Conservatives,Stewart4Pboro
SNP,Stewart McDonald,TRUE,GLASGOW SOUTH,267,SNP,StewartMcDonald
Green,Storm Poorun,FALSE,LEWISHAM EAST,364,Green,stormpoorun
C,Struan Mackie,FALSE,"CAITHNESS, SUTHERLAND & EASTER ROSS",115,Conservatives,struanmackie
C,Stuart Andrew,TRUE,PUDSEY,461,Conservatives,StuartAndrew
UKIP,Stuart Bestwick,FALSE,SHERWOOD,508,UKIP,stuartbestwick
SNP,Stuart Donaldson,TRUE,ABERDEENSHIRE WEST & KINCARDINE,5,SNP,StuieDonaldson
UKIP,Stuart Henley,FALSE,HALESOWEN & ROWLEY REGIS,282,UKIP,HenleyStatic
SNP,Stuart McDonald,TRUE,"CUMBERNAULD, KILSYTH & KIRKINTILLOCH EAST",173,SNP,Stuart_McDonald
Green,Stuart Tuckwood,FALSE,CAMBRIDGE,119,Green,StuartTuckwood
Lab,Sue Dann,FALSE,PLYMOUTH MOOR VIEW,452,Labour,sue_dann
Lab,Sue Hayman,TRUE,WORKINGTON,636,Labour,SueHayman1
LD,Sue McGuire,FALSE,SOUTHPORT,526,LibDem,sue_mcguire
C,Suella Fernandes,TRUE,FAREHAM,246,Conservatives,SuellaFernandes
Lab,Susan Elan Jones,TRUE,CLWYD SOUTH,154,Labour,susanelanjones
LD,Susan van de Ven,FALSE,CAMBRIDGESHIRE SOUTH,122,LibDem,susanvandeven
Green,Tamara Galloway,FALSE,ORPINGTON,442,Green,TamaraGalloway
Lab,Tan Dhesi,FALSE,SLOUGH,515,Labour,TanDhesi
Green,Tanya Jones,FALSE,FERMANAGH & SOUTH TYRONE,249,Green,decombustion
Lab,Tashi Warr,FALSE,DORSET SOUTH,199,Labour,tashiwarr
SNP,Tasmina Ahmed-Sheikh,TRUE,OCHIL & PERTHSHIRE SOUTH,436,SNP,TasminaSheikh
UKIP,Teck Khong,FALSE,HARBOROUGH,291,UKIP,DrTeckKhong
Green,Ted Grant,FALSE,LIVERPOOL WAVERTREE,372,Green,granted76
Lab,Terence Smith,FALSE,BRIGG & GOOLE,96,Labour,terencesmith14
Lab,Teresa Pearce,TRUE,ERITH & THAMESMEAD,242,Labour,tpearce003
Lab,Terry Bridgeman,FALSE,BASINGSTOKE,34,Labour,terrybridgeman1
Lab,Terry Bridgeman,FALSE,BASINGSTOKE,34,Labour,terrybrideman1
LD,Tessa Munt,FALSE,WELLS,609,LibDem,tessamunt
Lab,Thangam Debbonaire,FALSE,BRISTOL WEST,102,Labour,ThangamMP
Lab,Thelma Walker,FALSE,COLNE VALLEY,158,Labour,Red_thelma
C,Theo Clarke,FALSE,BRISTOL EAST,99,Conservatives,theodoraclarke
C,Theresa May,TRUE,MAIDENHEAD,383,Conservatives,theresa_may
C,Therese Coffey,TRUE,SUFFOLK COASTAL,548,Conservatives,theresecoffey
SF,Therese McCartney,FALSE,DOWN NORTH,202,Sinn Fein,tmccartney12
C,Thomas Haddow,FALSE,GLASGOW SOUTH WEST,268,Conservatives,haddow_thomas
C,Thomas Smith,FALSE,BLAYDON,72,Conservatives,Tom_Smith26
UKIP,Tim Aker,FALSE,THURROCK,571,UKIP,Tim_Aker
SDLP,Tim Attwood,FALSE,BELFAST WEST,48,SDLP,cllrtimattwood
C,Tim Barnes,FALSE,HOLBORN & ST PANCRAS,316,Conservatives,timothy_barnes
Green,Tim Dawes,FALSE,HAVANT,299,Green,nineveh_havant
LD,Tim Farron,TRUE,WESTMORLAND & LONSDALE,616,LibDem,timfarron
LD,Tim Hallam,FALSE,BROXTOWE,107,LibDem,Tim_Hallam
C,Tim Hunt,FALSE,DONCASTER CENTRAL,195,Conservatives,cllrtomhunt1
C,Tim Loughton,TRUE,WORTHING EAST & SHOREHAM,638,Conservatives,timloughton
UKIP,Tim Scott,FALSE,HENLEY,305,UKIP,timscottukip
Lab,Tim Young,FALSE,COLCHESTER,157,Labour,Tim4Labour
C,Timothy Mayer,FALSE,COVENTRY NORTH EAST,165,Conservatives,TJMayer1
Lab,Timothy Taylor,FALSE,WESTON-SUPER-MARE,617,Labour,TimTaylorWeston
Green,Tina Rothery,FALSE,FYLDE,256,Green,tinalouiseUK
C,Tobias Ellwood,TRUE,BOURNEMOUTH EAST,82,Conservatives,Tobias_Ellwood
Lab,Toby Perkins,TRUE,CHESTERFIELD,144,Labour,tobyperkinsmp
LD,Tom Brake,TRUE,CARSHALTON & WALLINGTON,133,LibDem,thomasbrake
Lab,Tom Corbin,FALSE,SALISBURY,496,Labour,1tomcorbin
UUP,Tom Elliott,TRUE,FERMANAGH & SOUTH TYRONE,249,Ulster Unionist,telliott_UUP
UKIP,Tom Harrison,FALSE,CEREDIGION,135,UKIP,Tomh1992
LD,Tom Holder,FALSE,CASTLE POINT,134,LibDem,tomholder
Lab,Tom McNeil,FALSE,MERIDEN,392,Labour,mcneil_tom
LD,Tom Morrison,FALSE,ST HELENS NORTH,492,LibDem,thomasmorrison
C,Tom Pursglove,TRUE,CORBY,161,Conservatives,VotePursglove
LD,Tom Thornhill,FALSE,SHROPSHIRE NORTH,511,LibDem,tomssthornhill
C,Tom Tugendhat,TRUE,TONBRIDGE & MALLING,573,Conservatives,TomTugendhat
Lab,Tom Watson,TRUE,WEST BROMWICH EAST,612,Labour,tom_watson
SNP,Tommy Sheppard,TRUE,EDINBURGH EAST,228,SNP,TommySheppard
C,Tomos Davies,FALSE,YNYS MON,647,Conservatives,TomosDafydd
SNP,Toni Giugliano,FALSE,EDINBURGH WEST,232,SNP,ToniGiugliano
Lab,Tonia Antoniazzi,FALSE,GOWER,273,Labour,toniaantoniazzi
Green,Tony Dyer,FALSE,BRISTOL SOUTH,101,Green,TonyDDyer
LD,Tony Sutton,FALSE,NOTTINGHAM SOUTH,434,LibDem,TonySutton4Nott
C,Tracey Crouch,TRUE,CHATHAM & AYLESFORD,137,Conservatives,tracey_crouch
C,Tracey West,FALSE,BLAENAU GWENT,71,Conservatives,traceymwest
Lab,Tulip Siddiq,TRUE,HAMPSTEAD & KILBURN,290,Labour,TulipSiddiq
LD,Ukonu Obasi,FALSE,WALTHAMSTOW,595,LibDem,AlDanka
Lab,Valerie Vaz,TRUE,WALSALL SOUTH,594,Labour,Valerie_VazMP
Lab,Vernon Coaker,TRUE,GEDLING,260,Labour,Vernon_Coaker
LD,Veronica German,FALSE,MONMOUTH,401,LibDem,veronicakgerman
C,Vicky Ford,FALSE,CHELMSFORD,139,Conservatives,vickyford
Lab,Vicky Foxcroft,TRUE,LEWISHAM DEPTFORD,363,Labour,vickyfoxcroft
C,Victoria Borwick,TRUE,KENSINGTON,340,Conservatives,backborwick
C,Victoria Prentis,TRUE,BANBURY,26,Conservatives,VictoriaPrentis
Green,Victoria Snelling,FALSE,STEVENAGE,532,Green,BoudicaM
LD,Vikki Slade,FALSE,7 DORSET MID & POOLE NORTH,19,LibDem,vikki4mdnp
Lab,Vince Barry,FALSE,DEVON WEST & TORRIDGE,192,Labour,VinceBarry_
Lab,Vince Maple,FALSE,CHATHAM & AYLESFORD,137,Labour,vincemaple
Lab,Vincent Lo,FALSE,UXBRIDGE & RUISLIP SOUTH,587,Labour,vincentlouk
Lab,Virendra Sharma,TRUE,EALING SOUTHALL,220,Labour,VirendraSharma
Green,Vix Lowthion,FALSE,ISLE OF WIGHT,333,Green,VixL
LD,Warren Fox,FALSE,BOLTON NORTH EAST,76,LibDem,WarrenLFox
Lab,Wayne Blackburn,FALSE,PENDLE,447,Labour,cllrwblackburn
Lab,Wayne David,TRUE,CAERPHILLY,114,Labour,WayneDavid_MP
LD,Wendy Chamberlain,FALSE,STIRLING,533,LibDem,wendyc4861
C,Wendy Morton,TRUE,ALDRIDGE-BROWNHILLS,8,Conservatives,morton_wendy
LD,Wera Hobhouse,FALSE,BATH,36,LibDem,Wera_Hobhouse
Lab,Wes Streeting,TRUE,ILFORD NORTH,328,Labour,wesstreeting
LD,Will Forster,FALSE,WOKING,628,LibDem,WillForster
C,Will Quince,TRUE,COLCHESTER,157,Conservatives,willquince
LD,William Dyer,FALSE,BETHNAL GREEN & BOW,52,LibDem,WilliamPHDyer
LD,William Jones,FALSE,WYTHENSHAWE & SALE EAST,645,LibDem,Just_Will_I_am
Green,William Patterson,FALSE,WIGAN,618,Green,willjpatterson
C,William Wragg,TRUE,HAZEL GROVE,301,Conservatives,William_Wragg
PC,Wyn Jones,FALSE,ABERCONWY,2,Plaid Cymru,PlaidAberconwy
PC,Wyn Jones,FALSE,ABERCONWY,2,Plaid Cymru,WynEJones
C,Xingang Wang,FALSE,MANCHESTER CENTRAL,387,Conservatives,xxingang
Lab,Yasmin Qureshi,TRUE,BOLTON SOUTH EAST,77,Labour,YasminQureshiMP
Lab,Yvette Cooper,TRUE,"NORMANTON, PONTEFRACT & CASTLEFORD",426,Labour,YvetteCooperMP
Lab,Yvonne Fovargue,TRUE,MAKERFIELD,385,Labour,Y_FovargueMP
C,Zac Goldsmith,FALSE,RICHMOND PARK,473,Conservatives,ZacGoldsmith
C,Zoe Metcalfe,FALSE,LEEDS WEST,355,Conservatives,LeedsCityTories
C,Zoe Metcalfe,FALSE,LEEDS WEST,355,Conservatives,LeedsCityTories
LD,Zoe O'Connell,FALSE,MALDON,386,LibDem,zoeimogen
